workload	date_time	total_http
1000	0	0.012
1000	50	0.00925
1000	100	0
1000	150	0.005
1000	200	0.008167
1000	250	0.011
1000	300	0
1000	350	0.006333
1000	400	0.007667
1000	450	0.006
1000	500	0.00625
1000	550	0.01
1000	600	0.01
1000	650	0.0132
1000	700	0.007333
1000	750	0
1000	800	0.017333
1000	850	0.021333
1000	900	0.0065
1000	950	0.007833
1000	1000	0.009667
1000	1050	0.005
1000	1100	0.01
1000	1150	0.009333
1000	1200	0.0065
1000	1250	0.005
1000	1300	0.010875
1000	1350	0.008667
1000	1400	0.00775
1000	1450	0.0134
1000	1500	1.152
1000	1550	0.012667
1000	1600	0
1000	1650	0.00975
1000	1700	0
1000	1750	0.007
1000	1800	0
1000	1850	0.016
1000	1900	0.00825
1000	1950	0.0135
1000	2000	0.0126
1000	2050	0.006667
1000	2100	0.0065
1000	2150	0.009
1000	2200	0.0064
1000	2250	0.0065
1000	2300	0.0055
1000	2350	0.005
1000	2400	0.015667
1000	2450	0.009
1000	2500	0.005
1000	2550	0.014333
1000	2600	0.005
1000	2650	0.005
1000	2700	0.0082
1000	2750	0.012333
1000	2800	0.006
1000	2850	0.010833
1000	2900	0.00475
1000	2950	0.0115
1000	3000	0.005
1000	3050	0.0055
1000	3100	0.01225
1000	3150	0.027
1000	3200	0.0125
1000	3250	0.011
1000	3300	0.009
1000	3350	0.0118
1000	3400	0.01
1000	3450	0.457667
1000	3500	0.0165
1000	3550	0.032667
1000	3600	0.0235
1000	3650	0
1000	3700	0.0132
1000	3750	0.0075
1000	3800	0.0065
1000	3850	0.00825
1000	3900	0.01
1000	3950	0.01725
1000	4000	0.013
1000	4050	0.005
1000	4100	0.004667
1000	4150	0.0065
1000	4200	0.008
1000	4250	0.01975
1000	4300	0.0085
1000	4350	0.01225
1000	4400	0.0055
1000	4450	0.0075
1000	4500	0.00975
1000	4550	0.009
1000	4600	0.0124
1000	4650	0.023
1000	4700	0.01
1000	4750	0.00775
1000	4800	0.023
1000	4850	0.012
1000	4900	0.016667
1000	4950	0.00975
1000	5000	0
1000	5050	0.0055
1000	5100	0.008
1000	5150	0.007
1000	5200	0.00925
1000	5250	0.008
1000	5300	0.0165
1000	5350	0.013
1000	5400	0.015
1000	5450	0
1000	5500	0.0065
1000	5550	0.011
1000	5600	0.019
1000	5650	0.014333
1000	5700	0.008667
1000	5750	0.0124
1000	5800	0.00475
1000	5850	0.0065
1000	5900	0.002
1000	5950	0.007667
1000	6000	0.016
1000	6050	0.01
1000	6100	0.005
1000	6150	0.0045
1000	6200	0.017333
1000	6250	0.008
1000	6300	0.015
1000	6350	0.009
1000	6400	0.004333
1000	6450	0.0094
1000	6500	0.0205
1000	6550	0.01
1000	6600	0.006
1000	6650	0.014
1000	6700	0.00975
1000	6750	0.012
1000	6800	0.00675
1000	6850	0.0105
1000	6900	0.005
1000	6950	0.0072
1000	7000	0.010667
1000	7050	0.002
1000	7100	0.015
1000	7150	0.016667
1000	7200	0.00625
1000	7250	0.018333
1000	7300	0.005
1000	7350	0.0105
1000	7400	0.019
1000	7450	0.0055
1000	7500	0.014
1000	7550	0.012
1000	7600	0.0055
1000	7650	0.007
1000	7700	0.006
1000	7750	0.014333
1000	7800	0
1000	7850	0.014
1000	7900	0
1000	7950	0.006667
1000	8000	0.007
1000	8050	0.00475
1000	8100	0.005
1000	8150	0.019
1000	8200	0.0214
1000	8250	0.0116
1000	8300	0.0105
1000	8350	0
1000	8400	0.0248
1000	8450	0.007
1000	8500	0.017
1000	8550	0.007333
1000	8600	0.010667
1000	8650	0.006333
1000	8700	0.013429
1000	8750	0.0095
1000	8800	0.018
1000	8850	0.007
1000	8900	0.006333
1000	8950	0.01075
1000	9000	0
1000	9050	0.009
1000	9100	0.01
1000	9150	0.00975
1000	9200	0.01875
1000	9250	0.0076
1000	9300	0.008
1000	9350	0.01225
1000	9400	0.013
1000	9450	0.016333
1000	9500	0.006667
1000	9550	0.004
1000	9600	0.005
1000	9650	0.005
1000	9700	0.016333
1000	9750	0.01
1000	9800	0.006
1000	9850	0.022
1000	9900	0.018
1000	9950	0.0055
1000	10000	0.013
1000	10050	0.015
1000	10100	0.01775
1000	10150	0.0065
1000	10200	0.006
1000	10250	0.007667
1000	10300	0.005
1000	10350	0.008
1000	10400	0.028
1000	10450	0.006
1000	10500	0.012
1000	10550	0.008
1000	10600	0.014
1000	10650	0.005
1000	10700	0.0134
1000	10750	0.005667
1000	10800	0.006
1000	10850	0.006
1000	10900	0.007
1000	10950	0.016
1000	11000	0.0075
1000	11050	0.028
1000	11100	0.044
1000	11150	0.0084
1000	11200	0.007
1000	11250	0
1000	11300	0.0178
1000	11350	0.077
1000	11400	0.009333
1000	11450	0.007
1000	11500	0.0065
1000	11550	0.0165
1000	11600	0.009
1000	11650	0.009
1000	11700	0.012143
1000	11750	0.012333
1000	11800	0.013
1000	11850	0.009333
1000	11900	0.011333
1000	11950	0.0075
1000	12000	0.01075
1000	12050	0.0055
1000	12100	0.006
1000	12150	0.010333
1000	12200	0.008
1000	12250	0.011833
1000	12300	0.0065
1000	12350	0.0065
1000	12400	0.005667
1000	12450	0.007
1000	12500	0.0105
1000	12550	0.005
1000	12600	0.008
1000	12650	0.005
1000	12700	0.006
1000	12750	0.0105
1000	12800	0.00925
1000	12850	0.019
1000	12900	0.004
1000	12950	0.0085
1000	13000	0.005167
1000	13050	0.0045
1000	13100	0.0115
1000	13150	0.009
1000	13200	0.011
1000	13250	0.006667
1000	13300	0.007667
1000	13350	0.012
1000	13400	0.01725
1000	13450	0.0055
1000	13500	0.005
1000	13550	0.0085
1000	13600	0.0205
1000	13650	0.015667
1000	13700	0.0145
1000	13750	0.005
1000	13800	0.00725
1000	13850	0.01
1000	13900	0.008333
1000	13950	0.0095
1000	14000	0.008778
1000	14050	0.008
1000	14100	0
1000	14150	0.005667
1000	14200	0.005
1000	14250	0.015
1000	14300	0.01
1000	14350	0.0055
1000	14400	0.002
1000	14450	0.0145
1000	14500	0.0055
1000	14550	0.0065
1000	14600	0.00925
1000	14650	0.005
1000	14700	0.0125
1000	14750	0.014
1000	14800	0.006333
1000	14850	0.005
1000	14900	0.005
1000	14950	0.014333
1000	15000	0.005667
1000	15050	0.003
1000	15100	0.006
1000	15150	0.006
1000	15200	0.005
1000	15250	0.003333
1000	15300	0
1000	15350	0.006143
1000	15400	0.008
1000	15450	0.005
1000	15500	0.006857
1000	15550	0
1000	15600	0.0065
1000	15650	0.007
1000	15700	0.014
1000	15750	0.006
1000	15800	0.016
1000	15850	0.010333
1000	15900	0
1000	15950	0.008333
1000	16000	0.0045
1000	16050	0.00675
1000	16100	0.005667
1000	16150	0.006
1000	16200	0.004333
1000	16250	0.005833
1000	16300	0.0095
1000	16350	0.0105
1000	16400	0.006
1000	16450	0.0255
1000	16500	0.007
1000	16550	0.005
1000	16600	0.007667
1000	16650	0.0035
1000	16700	0.009
1000	16750	0.005
1000	16800	0.013
1000	16850	0.009667
1000	16900	0.01125
1000	16950	0.0078
1000	17000	0.003
1000	17050	0.011
1000	17100	0.005333
1000	17150	0.0055
1000	17200	0.0055
1000	17250	0.005
1000	17300	0.006
1000	17350	0.0145
1000	17400	0.0055
1000	17450	0.009
1000	17500	0.0114
1000	17550	0.0138
1000	17600	0.007
1000	17650	0.0105
1000	17700	0.005
1000	17750	0.005667
1000	17800	0
1000	17850	0.010667
1000	17900	0.009
1000	17950	0.0088
1000	18000	0.005
1000	18050	0.0066
1000	18100	0.005
1000	18150	0.0085
1000	18200	0.006
1000	18250	0.008
1000	18300	0.0055
1000	18350	0.010333
1000	18400	0.011333
1000	18450	0.02
1000	18500	0.00475
1000	18550	0.007
1000	18600	0.003667
1000	18650	0.003
1000	18700	0
1000	18750	0.0095
1000	18800	0.0228
1000	18850	0.0125
1000	18900	0
1000	18950	0.017429
1000	19000	0.0045
1000	19050	0.0105
1000	19100	0.008
1000	19150	0.0085
1000	19200	0.012
1000	19250	0.0112
1000	19300	0.008333
1000	19350	0.008333
1000	19400	0.007
1000	19450	0.009
1000	19500	0.0095
1000	19550	0.009
1000	19600	0.0098
1000	19650	0.014
1000	19700	0.00925
1000	19750	0.0094
1000	19800	0.005
1000	19850	0.0192
1000	19900	0.01975
1000	19950	0.010667
1000	20000	0.008
1000	20050	0.004667
1000	20100	0.00575
1000	20150	0.010889
1000	20200	0.008
1000	20250	0.0075
1000	20300	0.0095
1000	20350	0.008667
1000	20400	0.0125
1000	20450	0
1000	20500	0.015333
1000	20550	0.00475
1000	20600	0.004
1000	20650	0.008
1000	20700	0.01525
1000	20750	0.006167
1000	20800	0.008
1000	20850	0.006
1000	20900	0.008
1000	20950	0.0104
1000	21000	0.0105
1000	21050	0.0178
1000	21100	0.0092
1000	21150	0.0105
1000	21200	0.0095
1000	21250	0.004667
1000	21300	0.005
1000	21350	0.009333
1000	21400	0.011
1000	21450	0.015333
1000	21500	0.003
1000	21550	0.0045
1000	21600	0
1000	21650	0.008333
1000	21700	0.00625
1000	21750	0.012714
1000	21800	0
1000	21850	0.007667
1000	21900	0.006333
1000	21950	0.0115
1000	22000	0.012167
1000	22050	0
1000	22100	0.0164
1000	22150	0.005
1000	22200	0.0118
1000	22250	0.0145
1000	22300	0.00625
1000	22350	0.007
1000	22400	0.016
1000	22450	0.008333
1000	22500	0.0055
1000	22550	0.0055
1000	22600	0.005
1000	22650	0.01
1000	22700	0.008
1000	22750	0.0055
1000	22800	0.004667
1000	22850	0.009
1000	22900	0.011
1000	22950	0.006
1000	23000	0.007
1000	23050	0.00925
1000	23100	0.006
1000	23150	0.013
1000	23200	0.018
1000	23250	0.0145
1000	23300	0.00525
1000	23350	0.005
1000	23400	0.010167
1000	23450	0.004333
1000	23500	0.011
1000	23550	0.0055
1000	23600	0.004
1000	23650	0.021
1000	23700	0.0105
1000	23750	0.007
1000	23800	0
1000	23850	0.0105
1000	23900	0.005333
1000	23950	0.013
1000	24000	0.013
1000	24050	0.01
1000	24100	0.004
1000	24150	0.0074
1000	24200	0.005667
1000	24250	0.005667
1000	24300	0.014
1000	24350	0.00975
1000	24400	0.010667
1000	24450	0.008333
1000	24500	0.0168
1000	24550	0.005
1000	24600	0.0055
1000	24650	0.00925
1000	24700	0.024
1000	24750	0.013
1000	24800	0.009667
1000	24850	0.012
1000	24900	0.010333
1000	24950	0.005
1000	25000	0.011
1000	25050	0.0155
1000	25100	0.008333
1000	25150	0.0076
1000	25200	0.005
1000	25250	0.018667
1000	25300	0.005
1000	25350	0.00825
1000	25400	0.0095
1000	25450	0.0055
1000	25500	0.013667
1000	25550	0.008
1000	25600	0.0056
1000	25650	0.01
1000	25700	0.004667
1000	25750	0.026
1000	25800	0.007333
1000	25850	0.006
1000	25900	0.0065
1000	25950	0.008
1000	26000	0.0065
1000	26050	0.0122
1000	26100	0.019
1000	26150	0.01375
1000	26200	0.0085
1000	26250	0.012
1000	26300	0.004
1000	26350	0.005
1000	26400	0.013333
1000	26450	0.0115
1000	26500	0
1000	26550	0.005
1000	26600	0
1000	26650	0.0055
1000	26700	0.005667
1000	26750	0.00825
1000	26800	0.023714
1000	26850	0.01
1000	26900	0.007
1000	26950	0.0125
1000	27000	0.009
1000	27050	0.006667
1000	27100	0.00825
1000	27150	0.011
1000	27200	0.01475
1000	27250	0.015
1000	27300	0.004
1000	27350	0.008
1000	27400	0.012
1000	27450	0.007667
1000	27500	0.016333
1000	27550	0.009
1000	27600	0.005
1000	27650	0.014
1000	27700	0.0065
1000	27750	0.014333
1000	27800	0.013
1000	27850	0
1000	27900	0.00625
1000	27950	0.010667
1000	28000	0.010333
1000	28050	0.006
1000	28100	0.004
1000	28150	0.005
1000	28200	0.00925
1000	28250	0.0088
1000	28300	0.01325
1000	28350	0.011
1000	28400	0.013
1000	28450	0.005667
1000	28500	0
1000	28550	0.006333
1000	28600	0.0104
1000	28650	0.0145
1000	28700	0.004
1000	28750	0.005
1000	28800	0.005
1000	28850	0
1000	28900	0.01525
1000	28950	0.0175
1000	29000	0.0035
1000	29050	0.009333
1000	29100	0.005
1000	29150	0.0065
1000	29200	0.0104
1000	29250	0.008
1000	29300	0.00975
1000	29350	0.02
1000	29400	0.007667
1000	29450	0.017
1000	29500	0.091
1000	29550	0.0718
1000	29600	0.0285
1000	29650	0.008
1000	29700	0.007333
1000	29750	0.0062
1000	29800	0.011667
1000	29850	0.010667
1000	29900	0.009333
1000	29950	0.006
1000	30000	0.006
1000	30050	0.0045
1000	30100	0.0065
1000	30150	0.008
1000	30200	0.004
1000	30250	0.006
1000	30300	0.006
1000	30350	0.006
1000	30400	0.006
1000	30450	0.0055
1000	30500	0.0085
1000	30550	0.004667
1000	30600	0.007667
1000	30650	0.005
1000	30700	0.005
1000	30750	0.0035
1000	30800	0.005
1000	30850	0.0138
1000	30900	0.011667
1000	30950	0.006333
1000	31000	0.006333
1000	31050	0.008
1000	31100	0.0085
1000	31150	0.00975
1000	31200	0.0075
1000	31250	0.007
1000	31300	0
1000	31350	0.011333
1000	31400	0.01
1000	31450	0.013
1000	31500	0.008
1000	31550	0.015
1000	31600	0.006
1000	31650	0.007
1000	31700	0.026333
1000	31750	0.0055
1000	31800	0.012
1000	31850	0.01325
1000	31900	0.015
1000	31950	0.012
1000	32000	0.0105
1000	32050	0.007
1000	32100	0
1000	32150	0.014
1000	32200	0.0072
1000	32250	0.007
1000	32300	0.008
1000	32350	0.0155
1000	32400	0.0095
1000	32450	0.008167
1000	32500	0.00925
1000	32550	0.022
1000	32600	0.019
1000	32650	0.009
1000	32700	0.005
1000	32750	0
1000	32800	0.0095
1000	32850	0.011
1000	32900	0.014333
1000	32950	0.005
1000	33000	0.012333
1000	33050	0.006667
1000	33100	0.00575
1000	33150	0.0045
1000	33200	0.005
1000	33250	0.00925
1000	33300	0.0045
1000	33350	0.0035
1000	33400	0.003
1000	33450	0.004
1000	33500	0.0135
1000	33550	0.01
1000	33600	0.009667
1000	33650	0.007
1000	33700	0.00775
1000	33750	0.005
1000	33800	0.011167
1000	33850	0.00475
1000	33900	0.011
1000	33950	0.016
1000	34000	0.011
1000	34050	0.0035
1000	34100	0.008333
1000	34150	0.004
1000	34200	0.0055
1000	34250	0.0068
1000	34300	0.009833
1000	34350	0.007143
1000	34400	0.0055
1000	34450	0.012
1000	34500	0.015833
1000	34550	0.01
1000	34600	0.012
1000	34650	0.00525
1000	34700	0.014167
1000	34750	0.00925
1000	34800	0.0045
1000	34850	0.01125
1000	34900	0.0068
1000	34950	0.004667
1000	35000	0.0055
1000	35050	0.005
1000	35100	0.010333
1000	35150	0.01
1000	35200	0.032
1000	35250	0.007
1000	35300	0.016
1000	35350	0.005
1000	35400	0.004667
1000	35450	0.005
1000	35500	0.010333
1000	35550	0.009
1000	35600	0.009
1000	35650	0.0088
1000	35700	0
1000	35750	0
1000	35800	0.0055
1000	35850	0.005571
1000	35900	0.0122
1000	35950	0.013
1000	36000	0.0165
1000	36050	0.005
1000	36100	0
1000	36150	0.007333
1000	36200	0.005
1000	36250	0.027
1000	36300	0.009333
1000	36350	0.0085
1000	36400	0.007
1000	36450	0.0085
1000	36500	0.010222
1000	36550	0.0095
1000	36600	0.01
1000	36650	0.00825
1000	36700	0.013
1000	36750	0.007
1000	36800	0.0045
1000	36850	0.009
1000	36900	0.012
1000	36950	0.014667
1000	37000	0.011333
1000	37050	0.010833
1000	37100	0.0142
1000	37150	0.002
1000	37200	0.021
1000	37250	0.005
1000	37300	0.005
1000	37350	0.006
1000	37400	0.012
1000	37450	0.004
1000	37500	0.00575
1000	37550	0.012
1000	37600	0.008
1000	37650	0.007
1000	37700	0.0095
1000	37750	0.0088
1000	37800	0.005
1000	37850	0.014
1000	37900	0.008667
1000	37950	0.0075
1000	38000	0.0055
1000	38050	0.007
1000	38100	0.005
1000	38150	0.005667
1000	38200	0.006667
1000	38250	0.011333
1000	38300	0.006333
1000	38350	0.006333
1000	38400	0.021
1000	38450	0.004
1000	38500	0.0116
1000	38550	0.0326
1000	38600	0.007667
1000	38650	0.011167
1000	38700	0.005
1000	38750	0.006
1000	38800	0.0055
1000	38850	0.00475
1000	38900	0.0094
1000	38950	0.006
1000	39000	0.00825
1000	39050	0.00475
1000	39100	0.014429
1000	39150	0.0075
1000	39200	0.00975
1000	39250	0.012333
1000	39300	0.0095
1000	39350	0.0095
1000	39400	0.0075
1000	39450	0.0165
1000	39500	0.014286
1000	39550	0.005
1000	39600	0.016
1000	39650	0.010667
1000	39700	0
1000	39750	0.018
1000	39800	0.012667
1000	39850	0.01225
1000	39900	0.009333
1000	39950	0.0135
1000	40000	0.005
1000	40050	0.024
1000	40100	0.007286
1000	40150	0
1000	40200	0.013
1000	40250	0.0172
1000	40300	0.006714
1000	40350	0.005
1000	40400	0.015
1000	40450	0.006
1000	40500	0.008
1000	40550	0.0125
1000	40600	0.0118
1000	40650	0.006667
1000	40700	0.006
1000	40750	0.005
1000	40800	0.016833
1000	40850	0.00825
1000	40900	0
1000	40950	0.0045
1000	41000	0.00675
1000	41050	0.009
1000	41100	0.0055
1000	41150	0.0092
1000	41200	0.008667
1000	41250	0.0188
1000	41300	0
1000	41350	0.01275
1000	41400	0.008667
1000	41450	0.008
1000	41500	0.0054
1000	41550	0.013
1000	41600	0.008
1000	41650	0.011
1000	41700	0.0055
1000	41750	0.004333
1000	41800	0.0148
1000	41850	0.00675
1000	41900	0.009333
1000	41950	0.01075
1000	42000	0.0094
1000	42050	0.010667
1000	42100	0.0048
1000	42150	0.00675
1000	42200	0.006667
1000	42250	0.01125
1000	42300	0.01
1000	42350	0.005
1000	42400	0.007
1000	42450	0.008333
1000	42500	0.009
1000	42550	0.005
1000	42600	0.013667
1000	42650	0.0116
1000	42700	0.0104
1000	42750	0.005
1000	42800	0.004333
1000	42850	0.0105
1000	42900	0.005
1000	42950	0.006667
1000	43000	0.005
1000	43050	0.00475
1000	43100	0.008
1000	43150	0
1000	43200	0
1000	43250	0.007
1000	43300	0.008667
1000	43350	0.009
1000	43400	0.005
1000	43450	0.006
1000	43500	0.004
1000	43550	0.021
1000	43600	0.013
1000	43650	0.01125
1000	43700	0.006
1000	43750	0.0155
1000	43800	0.007667
1000	43850	0.005
1000	43900	0.0115
1000	43950	0.0085
1000	44000	0
1000	44050	0.01
1000	44100	0
1000	44150	0.006
1000	44200	0.009
1000	44250	0.007667
1000	44300	0.009
1000	44350	0.01325
1000	44400	0.0095
1000	44450	0.009
1000	44500	0.005333
1000	44550	0.01275
1000	44600	0.009667
1000	44650	0.009667
1000	44700	0
1000	44750	0.015667
1000	44800	0.005
1000	44850	0.01
1000	44900	0.008
1000	44950	0.008333
1000	45000	0.007
1000	45050	0.014
1000	45100	0.009333
1000	45150	0.0135
1000	45200	0.027667
1000	45250	0.00475
1000	45300	0.0045
1000	45350	0.004667
1000	45400	0.009
1000	45450	0.012
1000	45500	0.006
1000	45550	0.015
1000	45600	0.0075
1000	45650	0.01
1000	45700	0.004
1000	45750	0.0101
1000	45800	0.004
1000	45850	0.0088
1000	45900	0.0085
1000	45950	0.0084
1000	46000	0.008
1000	46050	0.008
1000	46100	0.024667
1000	46150	0.012857
1000	46200	0
1000	46250	0.02025
1000	46300	0
1000	46350	0.01125
1000	46400	0.011333
1000	46450	0.0045
1000	46500	0.024
1000	46550	0.008
1000	46600	0.011
1000	46650	0.0095
1000	46700	0.007143
1000	46750	0.00875
1000	46800	0.005
1000	46850	0.005
1000	46900	0.007667
1000	46950	0.00975
1000	47000	0.005
1000	47050	0.0114
1000	47100	0.01
1000	47150	0.005333
1000	47200	0.0068
1000	47250	0.00725
1000	47300	0.0045
1000	47350	0.006
1000	47400	0.00625
1000	47450	0.0115
1000	47500	0.005
1000	47550	0.005
1000	47600	0.016
1000	47650	0.00975
1000	47700	0.01
1000	47750	0.009667
1000	47800	0.006
1000	47850	0.005
1000	47900	0.004333
1000	47950	0.005
1000	48000	0.003
1000	48050	0.012
1000	48100	0.008
1000	48150	0.008
1000	48200	0.019
1000	48250	0.005333
1000	48300	0.0085
1000	48350	0.004
1000	48400	0.0125
1000	48450	0.009667
1000	48500	0.004125
1000	48550	0.012
1000	48600	0.0075
1000	48650	0.0125
1000	48700	0
1000	48750	0.0065
1000	48800	0
1000	48850	0.0055
1000	48900	0.005
1000	48950	0.004
1000	49000	0.013
1000	49050	0.006833
1000	49100	0
1000	49150	0
1000	49200	0.0125
1000	49250	0.00575
1000	49300	0.015333
1000	49350	0.00525
1000	49400	0.00475
1000	49450	0
1000	49500	0.012
1000	49550	0.0105
1000	49600	0.019
1000	49650	0.008
1000	49700	0.01
1000	49750	0.016
1000	49800	0.009
1000	49850	0.005
1000	49900	0.011
1000	49950	0.008
1000	50000	0
1000	50050	0.01125
1000	50100	0.011
1000	50150	0.008667
1000	50200	0.008333
1000	50250	0.006333
1000	50300	0.0108
1000	50350	0.0085
1000	50400	0.0055
1000	50450	0.005
1000	50500	0.0104
1000	50550	0.005
1000	50600	0.0074
1000	50650	0.008333
1000	50700	0.005
1000	50750	0.0095
1000	50800	0.0055
1000	50850	0.0045
1000	50900	0.013
1000	50950	0.007
1000	51000	0.021
1000	51050	0.005
1000	51100	0.004
1000	51150	0.008
1000	51200	0.026
1000	51250	0.0095
1000	51300	0.00825
1000	51350	0.007
1000	51400	0.005
1000	51450	0.008
1000	51500	0.007333
1000	51550	0.005
1000	51600	0.0065
1000	51650	0.005
1000	51700	0.0065
1000	51750	0.014
1000	51800	0.0205
1000	51850	0.004
1000	51900	0.0062
1000	51950	0.0105
1000	52000	0.0098
1000	52050	0.004667
1000	52100	0.006
1000	52150	0.004333
1000	52200	0.0045
1000	52250	0.009
1000	52300	0.009
1000	52350	0.0075
1000	52400	0.0055
1000	52450	0.007
1000	52500	0
1000	52550	0.020667
1000	52600	0.004
1000	52650	0.009
1000	52700	0.00975
1000	52750	0.0094
1000	52800	0.007
1000	52850	0.011667
1000	52900	0
1000	52950	0.009333
1000	53000	0.009333
1000	53050	0.004667
1000	53100	0.0055
1000	53150	0.00625
1000	53200	0.012
1000	53250	0.013
1000	53300	0.0122
1000	53350	0.011667
1000	53400	0.005
1000	53450	0.014
1000	53500	0.01025
1000	53550	0.007
1000	53600	0.003
1000	53650	0.00875
1000	53700	0.01
1000	53750	0.009333
1000	53800	0.0105
1000	53850	0.01375
1000	53900	0.006
1000	53950	0.015
1000	54000	0.014
1000	54050	0.0115
1000	54100	0.013
1000	54150	0
1000	54200	0.0085
1000	54250	0.0085
1000	54300	0.0175
1000	54350	0.01
1000	54400	0.006
1000	54450	0.013
1000	54500	0.0135
1000	54550	0.0125
1000	54600	0.016
1000	54650	0.012667
1000	54700	0.010333
1000	54750	0
1000	54800	0.017
1000	54850	0.0055
1000	54900	0
1000	54950	0.013
1000	55000	0.008
1000	55050	0.008667
1000	55100	0.007
1000	55150	0.01375
1000	55200	0.0055
1000	55250	0.011333
1000	55300	0
1000	55350	0.0105
1000	55400	0.007
1000	55450	0.012333
1000	55500	0.006
1000	55550	0.007
1000	55600	0.0068
1000	55650	0.011
1000	55700	0.014333
1000	55750	0.010667
1000	55800	0.003667
1000	55850	0.006
1000	55900	0.00925
1000	55950	0.015
1000	56000	0.007
1000	56050	0.0105
1000	56100	0.004667
1000	56150	0.00875
1000	56200	0.0055
1000	56250	0.011
1000	56300	0.007667
1000	56350	0.00675
1000	56400	0.007333
1000	56450	0.00475
1000	56500	0.012
1000	56550	0.011
1000	56600	0.0186
1000	56650	0.0065
1000	56700	0.014
1000	56750	0.005
1000	56800	0.019333
1000	56850	0.006
1000	56900	0.012333
1000	56950	0.00725
1000	57000	0.013
1000	57050	0.005
1000	57100	0.014
1000	57150	0.005
1000	57200	0.0156
1000	57250	0.004
1000	57300	0.008
1000	57350	0.006
1000	57400	0.00725
1000	57450	0.004667
1000	57500	0.0155
1000	57550	0.006333
1000	57600	0.0105
1000	57650	0.005667
1000	57700	0.007
1000	57750	0.01
1000	57800	0.0085
1000	57850	0.008667
1000	57900	0.006
1000	57950	0.025
1000	58000	0.004333
1000	58050	0.0078
1000	58100	0.019
1000	58150	0.005
1000	58200	0.005
1000	58250	0.016667
1000	58300	0.002
1000	58350	0.00475
1000	58400	0.012
1000	58450	0.012
1000	58500	0.009
1000	58550	0.0055
1000	58600	0.005167
1000	58650	0.007667
1000	58700	0.0125
1000	58750	0.005333
1000	58800	0.0128
1000	58850	0.007
1000	58900	0.0085
1000	58950	0.010333
1000	59000	0.007
1000	59050	0.0075
1000	59100	0.029
1000	59150	0.005
1000	59200	0.0106
1000	59250	0.007
1000	59300	0.0115
1000	59350	0
1000	59400	0.005
1000	59450	0.01
1000	59500	0.071333
1000	59550	0.226333
1000	59600	0.099
1000	59650	0.036
1000	59700	0.012
1000	59750	0.0115
1000	59800	0.011667
1000	59850	0.010333
1000	59900	0.0115
1000	59950	0.0065
1000	60000	0.002
1000	60050	0.0068
1000	60100	0.007
1000	60150	0.011
1000	60200	0.011
1000	60250	0.017
1000	60300	0.00825
1000	60350	0.008
1000	60400	0.006
1000	60450	0.009333
1000	60500	0.005
1000	60550	0.008333
1000	60600	0.004
1000	60650	0.0065
1000	60700	0.006
1000	60750	0.006333
1000	60800	0.006
1000	60850	0.0085
1000	60900	0
1000	60950	0.0084
1000	61000	0.009333
1000	61050	0.0185
1000	61100	0.0115
1000	61150	0.0104
1000	61200	0.0075
1000	61250	0.029
1000	61300	0.0156
1000	61350	0.0064
1000	61400	0.004667
1000	61450	0.005
1000	61500	0.0115
1000	61550	0.0085
1000	61600	0.009
1000	61650	0.011
1000	61700	0.02
1000	61750	0.0125
1000	61800	0.03
1000	61850	0.007
1000	61900	0.005
1000	61950	0.005
1000	62000	0.013
1000	62050	0.013667
1000	62100	0.013
1000	62150	0.0155
1000	62200	0.004
1000	62250	0.004333
1000	62300	0.005667
1000	62350	0.011125
1000	62400	0.011
1000	62450	0.007333
1000	62500	0.003833
1000	62550	0.0094
1000	62600	0.008667
1000	62650	0.005
1000	62700	0.011
1000	62750	0.0088
1000	62800	0.009
1000	62850	0.0095
1000	62900	0.014
1000	62950	0.0038
1000	63000	0
1000	63050	0.00775
1000	63100	0.0125
1000	63150	0
1000	63200	0.01
1000	63250	0.008571
1000	63300	0.008
1000	63350	0.009
1000	63400	0.003
1000	63450	0.0075
1000	63500	0.009
1000	63550	0.004667
1000	63600	0.0046
1000	63650	0.007
1000	63700	0.011
1000	63750	0.005
1000	63800	0.009
1000	63850	0
1000	63900	0.008
1000	63950	0.01325
1000	64000	0.00925
1000	64050	0.005
1000	64100	0.008
1000	64150	0.023
1000	64200	0.005
1000	64250	0
1000	64300	0.01
1000	64350	0.009333
1000	64400	0
1000	64450	0.0115
1000	64500	0.013
1000	64550	0.0168
1000	64600	0.0185
1000	64650	0.012
1000	64700	0.00925
1000	64750	0.011
1000	64800	0.0095
1000	64850	0.013333
1000	64900	0.006667
1000	64950	0.005
1000	65000	0.0085
1000	65050	0.015
1000	65100	0.00475
1000	65150	0.0052
1000	65200	0.0055
1000	65250	0.005
1000	65300	0.013
1000	65350	0.008333
1000	65400	0.011
1000	65450	0.016667
1000	65500	0.01
1000	65550	0.006
1000	65600	0.0065
1000	65650	0.009667
1000	65700	0.003
1000	65750	0.006
1000	65800	0.008667
1000	65850	0.005667
1000	65900	0
1000	65950	0.007
1000	66000	0.016
1000	66050	0.00825
1000	66100	0.0125
1000	66150	0.0105
1000	66200	0.006
1000	66250	0.0075
1000	66300	0.012667
1000	66350	0.0108
1000	66400	0.0072
1000	66450	0.0045
1000	66500	0.006
1000	66550	0.005333
1000	66600	0.008
1000	66650	0.00975
1000	66700	0
1000	66750	0.0075
1000	66800	0.006
1000	66850	0.005
1000	66900	0
1000	66950	0.007
1000	67000	0.0075
1000	67050	0.0126
1000	67100	0.0095
1000	67150	0.018
1000	67200	0.013
1000	67250	0.005
1000	67300	0.008
1000	67350	0.015
1000	67400	0.008
1000	67450	0.0095
1000	67500	0.015
1000	67550	0.026
1000	67600	0.009
1000	67650	0.0055
1000	67700	0.0055
1000	67750	0.004
1000	67800	0.003
1000	67850	0.00425
1000	67900	0.011
1000	67950	0.007
1000	68000	0.006
1000	68050	0.013333
1000	68100	0.007
1000	68150	0.009333
1000	68200	0.005
1000	68250	0.016667
1000	68300	0.0165
1000	68350	0.005
1000	68400	0.0115
1000	68450	0.0045
1000	68500	0.007333
1000	68550	0.0055
1000	68600	0.011
1000	68650	0.00625
1000	68700	0.010667
1000	68750	0.00625
1000	68800	0.014
1000	68850	0.0074
1000	68900	0.012
1000	68950	0.004
1000	69000	0
1000	69050	0.007
1000	69100	0.021
1000	69150	0.005625
1000	69200	0.007333
1000	69250	0.0118
1000	69300	0.0084
1000	69350	0.006
1000	69400	0.0055
1000	69450	0.009
1000	69500	0.0068
1000	69550	0.005
1000	69600	0.004333
1000	69650	0.008
1000	69700	0.014
1000	69750	0.012
1000	69800	0.0048
1000	69850	0.016
1000	69900	0.00775
1000	69950	0.007667
1000	70000	0.01175
1000	70050	0.0064
1000	70100	0.006
1000	70150	0.010333
1000	70200	0.014
1000	70250	0.01
1000	70300	0
1000	70350	0.010667
1000	70400	0
1000	70450	0.015
1000	70500	0.018
1000	70550	0.010667
1000	70600	0.0055
1000	70650	0.008167
1000	70700	0.0055
1000	70750	0.009714
1000	70800	0.008333
1000	70850	0.0108
1000	70900	0.013
1000	70950	0.005667
1000	71000	0.009333
1000	71050	0.011
1000	71100	0.006
1000	71150	0
1000	71200	0.015
1000	71250	0.012125
1000	71300	0.006
1000	71350	0.0098
1000	71400	0.007
1000	71450	0.026
1000	71500	0.004833
1000	71550	0.007571
1000	71600	0
1000	71650	0.0066
1000	71700	0.00325
1000	71750	0.0055
1000	71800	0.023333
1000	71850	0.002
1000	71900	0.005
1000	71950	0.017
1000	72000	0.0088
1000	72050	0.01025
1000	72100	0.024
1000	72150	0.003
1000	72200	0.006667
1000	72250	0.0045
1000	72300	0.005
1000	72350	0.005
1000	72400	0.005
1000	72450	0.0115
1000	72500	0.010667
1000	72550	0
1000	72600	0.009
1000	72650	0.0095
1000	72700	0.005
1000	72750	0.0065
1000	72800	0.008833
1000	72850	0.007
1000	72900	0.015667
1000	72950	0.004
1000	73000	0.009
1000	73050	0.0055
1000	73100	0.0066
1000	73150	0.00675
1000	73200	0.008333
1000	73250	0.01
1000	73300	0
1000	73350	0.007
1000	73400	0.0082
1000	73450	0.010333
1000	73500	0.009
1000	73550	0
1000	73600	0.020333
1000	73650	0.02
1000	73700	0.0085
1000	73750	0.010286
1000	73800	0.012333
1000	73850	0.01625
1000	73900	0.0145
1000	73950	0.006
1000	74000	0.00675
1000	74050	0.005
1000	74100	0.007375
1000	74150	0.007
1000	74200	0.00475
1000	74250	0.00725
1000	74300	0.00825
1000	74350	0.011167
1000	74400	0.007
1000	74450	0.007
1000	74500	0.011667
1000	74550	0.009
1000	74600	0.0118
1000	74650	0.009
1000	74700	0.007
1000	74750	0.020833
1000	74800	0.014
1000	74850	0.019
1000	74900	0.005
1000	74950	0.00375
1000	75000	0.00625
1000	75050	0.011
1000	75100	0.008333
1000	75150	0.0045
1000	75200	0.005
1000	75250	0.005667
1000	75300	0
1000	75350	0.0124
1000	75400	0.009667
1000	75450	0.005
1000	75500	0.0105
1000	75550	0.008
1000	75600	0.01
1000	75650	0.006
1000	75700	0.006
1000	75750	0.0095
1000	75800	0.0062
1000	75850	0.00825
1000	75900	0.007667
1000	75950	0
1000	76000	0.01
1000	76050	0.01
1000	76100	0.0115
1000	76150	0.010667
1000	76200	0.0122
1000	76250	0.01
1000	76300	0.009
1000	76350	0.0135
1000	76400	0.012
1000	76450	0.0082
1000	76500	0.013
1000	76550	0.01
1000	76600	0.0045
1000	76650	0.004667
1000	76700	0.011667
1000	76750	0
1000	76800	0.01075
1000	76850	0.006
1000	76900	0.0065
1000	76950	0.01025
1000	77000	0.006167
1000	77050	0.010333
1000	77100	0.01025
1000	77150	0.0055
1000	77200	0.016
1000	77250	0.017
1000	77300	0.008
1000	77350	0.009333
1000	77400	0
1000	77450	0.007667
1000	77500	0.0056
1000	77550	0.008167
1000	77600	0.005
1000	77650	0.013
1000	77700	0.024
1000	77750	0.0115
1000	77800	0.0035
1000	77850	0.006
1000	77900	0.009
1000	77950	0.01
1000	78000	0.0132
1000	78050	0.0065
1000	78100	0.007
1000	78150	0.006
1000	78200	0
1000	78250	0.005
1000	78300	0.006
1000	78350	0.01
1000	78400	0.007
1000	78450	0.01275
1000	78500	0.0045
1000	78550	0
1000	78600	0.007
1000	78650	0.0095
1000	78700	0.026667
1000	78750	0.021667
1000	78800	0.0155
1000	78850	0.0035
1000	78900	0.01
1000	78950	0.006
1000	79000	0.016
1000	79050	0.011333
1000	79100	0.005
1000	79150	0.0082
1000	79200	0.004
1000	79250	0.009
1000	79300	0.008333
1000	79350	0.0065
1000	79400	0.01
1000	79450	0.0072
1000	79500	0.008
1000	79550	0.004333
1000	79600	0.006
1000	79650	0.007667
1000	79700	0.004333
1000	79750	0.004
1000	79800	0.006
1000	79850	0.0045
1000	79900	0.004667
1000	79950	0.021
1000	80000	0.009
1000	80050	0.014
1000	80100	0.018
1000	80150	0.0126
1000	80200	0.01425
1000	80250	0.008286
1000	80300	0.01275
1000	80350	0.0056
1000	80400	0
1000	80450	0.017
1000	80500	0.01075
1000	80550	0.0064
1000	80600	0.005
1000	80650	0
1000	80700	0.0116
1000	80750	0.0055
1000	80800	0.006
1000	80850	0.0045
1000	80900	0.013667
1000	80950	0.004
1000	81000	0.004
1000	81050	0.004667
1000	81100	0.004667
1000	81150	0.005
1000	81200	0.008167
1000	81250	0.007
1000	81300	0.009
1000	81350	0
1000	81400	0.01
1000	81450	0.0065
1000	81500	0.0085
1000	81550	0.006
1000	81600	0.01075
1000	81650	0.0144
1000	81700	0.012167
1000	81750	0.016
1000	81800	0.012667
1000	81850	0.016
1000	81900	0.006333
1000	81950	0.00625
1000	82000	0.0155
1000	82050	0
1000	82100	0.011
1000	82150	0.006
1000	82200	0.006333
1000	82250	0.011
1000	82300	0.008667
1000	82350	0.0165
1000	82400	0.00875
1000	82450	0
1000	82500	0.01675
1000	82550	0.006
1000	82600	0.022333
1000	82650	0.0072
1000	82700	0.005
1000	82750	0.00825
1000	82800	0.01025
1000	82850	0.015667
1000	82900	0.004
1000	82950	0.0055
1000	83000	0.004
1000	83050	0.006333
1000	83100	0.019
1000	83150	0.0074
1000	83200	0.023
1000	83250	0.004667
1000	83300	0.01425
1000	83350	0.0074
1000	83400	0.01
1000	83450	0
1000	83500	0.017
1000	83550	0.006
1000	83600	0.007
1000	83650	0.005667
1000	83700	0.012667
1000	83750	0.011714
1000	83800	0.015
1000	83850	0.002
1000	83900	0.011
1000	83950	0.0065
1000	84000	0
1000	84050	0.006
1000	84100	0.005
1000	84150	0.006333
1000	84200	0.008
1000	84250	0.011
1000	84300	0.0082
1000	84350	0.005
1000	84400	0.003667
1000	84450	0.006333
1000	84500	0.009286
1000	84550	0
1000	84600	0.005
1000	84650	0.0108
1000	84700	0.013
1000	84750	0.005
1000	84800	0.01375
1000	84850	0.014
1000	84900	0.005667
1000	84950	0.011333
1000	85000	0.0105
1000	85050	0.016
1000	85100	0.007667
1000	85150	0.00725
1000	85200	0.0085
1000	85250	0.013
1000	85300	0.008
1000	85350	0.008
1000	85400	0.005333
1000	85450	0.012333
1000	85500	0.008
1000	85550	0.015
1000	85600	0.017
1000	85650	0.013
1000	85700	0.006
1000	85750	0.0135
1000	85800	0.004333
1000	85850	0.005
1000	85900	0.021
1000	85950	0.006571
1000	86000	0.0135
1000	86050	0.0062
1000	86100	0
1000	86150	0.01
1000	86200	0.005667
1000	86250	0.008
1000	86300	0.014429
1000	86350	0.0075
1000	86400	0.00375
1000	86450	0.003
1000	86500	0.0094
1000	86550	0.0072
1000	86600	0.0105
1000	86650	0.0105
1000	86700	0.015
1000	86750	0.0115
1000	86800	0.010667
1000	86850	0.015
1000	86900	0.0055
1000	86950	0.01175
1000	87000	0.0155
1000	87050	0.009
1000	87100	0.005
1000	87150	0.0115
1000	87200	0.0045
1000	87250	0.0105
1000	87300	0.016
1000	87350	0.00725
1000	87400	0.005
1000	87450	0.005
1000	87500	0.004333
1000	87550	0.021
1000	87600	0.03
1000	87650	0.0122
1000	87700	0.006
1000	87750	0.019
1000	87800	0.006
1000	87850	0.008
1000	87900	0.017
1000	87950	0.009
1000	88000	0.0108
1000	88050	0.015
1000	88100	0.008
1000	88150	0.005
1000	88200	0
1000	88250	0.005
1000	88300	0.01
1000	88350	0.004
1000	88400	0.022
1000	88450	0.0195
1000	88500	0.005
1000	88550	0.005
1000	88600	0.008
1000	88650	0
1000	88700	0.007
1000	88750	0.009
1000	88800	0.00975
1000	88850	0.012
1000	88900	0.012
1000	88950	0.006
1000	89000	0.006
1000	89050	0.0045
1000	89100	0.004333
1000	89150	0.009
1000	89200	0.0066
1000	89250	0.01
1000	89300	0.008333
1000	89350	0.006
1000	89400	0.012
1000	89450	0.018
1000	89500	0.012167
1000	89550	0.0065
1000	89600	0.0095
1000	89650	0.011
1000	89700	0.005
1000	89750	0.0115
1000	89800	0.004
1000	89850	0.0185
1000	89900	0.009333
1000	89950	0.0175
1000	90000	0.016667
1000	90050	0.008333
1000	90100	0.005
1000	90150	0.002
1000	90200	0.005
1000	90250	0.01125
1000	90300	0.0035
1000	90350	0.011
1000	90400	0.020667
1000	90450	0.0045
1000	90500	0.008833
1000	90550	0.0055
1000	90600	0.006
1000	90650	0.00975
1000	90700	0.008333
1000	90750	0
1000	90800	0.013333
1000	90850	0.011
1000	90900	0.0235
1000	90950	0.009
1000	91000	0.0114
1000	91050	0.009
1000	91100	0.0045
1000	91150	0.028
1000	91200	0.010333
1000	91250	0
1000	91300	0.00625
1000	91350	0.0075
1000	91400	0.005
1000	91450	0.0175
1000	91500	0.01125
1000	91550	0.0105
1000	91600	0
1000	91650	0.012
1000	91700	0.00575
1000	91750	0.01
1000	91800	0.0065
1000	91850	0.0065
1000	91900	0.004333
1000	91950	0.029
1000	92000	0.007833
1000	92050	0.011
1000	92100	0.011
1000	92150	0.013
1000	92200	0.005
1000	92250	0.009
1000	92300	0.010333
1000	92350	0.003
1000	92400	0.006
1000	92450	0.004
1000	92500	0.0156
1000	92550	0.005333
1000	92600	0.0125
1000	92650	0.0085
1000	92700	0.015333
1000	92750	0.009
1000	92800	0.014
1000	92850	0.0076
1000	92900	0.019
1000	92950	0.0075
1000	93000	0.009714
1000	93050	0.0055
1000	93100	0.008
1000	93150	0.035
1000	93200	0.012
1000	93250	0.031
1000	93300	0.003
1000	93350	0
1000	93400	0.011
1000	93450	0.0165
1000	93500	0
1000	93550	0.032
1000	93600	0.006
1000	93650	0.01675
1000	93700	0.0102
1000	93750	0.004
1000	93800	0.006
1000	93850	0.00475
1000	93900	0.007
1000	93950	0.0088
1000	94000	0.01225
1000	94050	0.017571
1000	94100	0.008143
1000	94150	0.0118
1000	94200	0.00825
1000	94250	0.006
1000	94300	0
1000	94350	0
1000	94400	0.007
1000	94450	0.083
1000	94500	0.101
1000	94550	0.0625
1000	94600	0.01
1000	94650	0.0105
1000	94700	0.026667
1000	94750	0.003
1000	94800	0.004333
1000	94850	0.004
1000	94900	0.01
1000	94950	0.007429
1000	95000	0.007
1000	95050	0.00575
1000	95100	0.009
1000	95150	0.007
1000	95200	0
1000	95250	0.015
1000	95300	0.01
1000	95350	0.00625
1000	95400	0.0106
1000	95450	0.0068
1000	95500	0.0085
1000	95550	0.01
1000	95600	0.019
1000	95650	0.0055
1000	95700	0.0102
1000	95750	0.008
1000	95800	0.032
1000	95850	0.0055
1000	95900	0.004667
1000	95950	0.0035
1000	96000	0.01025
1000	96050	0.011875
1000	96100	0.014
1000	96150	0
1000	96200	0.012667
1000	96250	0
1000	96300	0.0096
1000	96350	0.007
1000	96400	0.004
1000	96450	0.01075
1000	96500	0.005
1000	96550	0.015333
1000	96600	0.00825
1000	96650	0
1000	96700	0.005
1000	96750	0.0055
1000	96800	0.007
1000	96850	0.0085
1000	96900	0.01075
1000	96950	0.006
1000	97000	0.0182
1000	97050	0.002
1000	97100	0.01
1000	97150	0.0045
1000	97200	0.014
1000	97250	0.0055
1000	97300	0.0112
1000	97350	0.00525
1000	97400	0
1000	97450	0
1000	97500	0.011333
1000	97550	0.004
1000	97600	0.0125
1000	97650	0.00575
1000	97700	0.008
1000	97750	0.010333
1000	97800	0.005333
1000	97850	0.006
1000	97900	0.0375
1000	97950	0.025714
1000	98000	0.0075
1000	98050	0.01275
1000	98100	0.0315
1000	98150	0.01325
1000	98200	0.004
1000	98250	0.01
1000	98300	0.006143
1000	98350	0.007
1000	98400	0.005333
1000	98450	0.008167
1000	98500	0.0145
1000	98550	0.0082
1000	98600	0.005909
1000	98650	0.014
1000	98700	0.007667
1000	98750	0.006
1000	98800	0.0156
1000	98850	0.010167
1000	98900	0.015
1000	98950	0.00475
1000	99000	0.0165
1000	99050	0.02475
1000	99100	0.00675
1000	99150	0.0125
1000	99200	0.007
1000	99250	0.0074
1000	99300	0.007333
1000	99350	0.0056
1000	99400	0.0105
1000	99450	0.0065
1000	99500	0.0152
1000	99550	0.0115
1000	99600	0.011
1000	99650	0.007
1000	99700	0.015
1000	99750	0.008
1000	99800	0.0098
1000	99850	0.0075
1000	99900	0.004
1000	99950	0.019
1000	100000	0.012
1000	100050	0.0195
1000	100100	0.027
1000	100150	0.005
1000	100200	0.0116
1000	100250	0.015333
1000	100300	0.0058
1000	100350	0.008
1000	100400	0.013
1000	100450	0.008333
1000	100500	0.0095
1000	100550	0
1000	100600	0.004333
1000	100650	0.005
1000	100700	0.003333
1000	100750	0.009
1000	100800	0.008333
1000	100850	0.009
1000	100900	0.005
1000	100950	0.006667
1000	101000	0.0035
1000	101050	0.005
1000	101100	0.008
1000	101150	0.024
1000	101200	0.0085
1000	101250	0.01
1000	101300	0.004
1000	101350	0.01325
1000	101400	0.0048
1000	101450	0.01025
1000	101500	0.004833
1000	101550	0.011571
1000	101600	0.004
1000	101650	0.01475
1000	101700	0.006
1000	101750	0.008
1000	101800	0.005
1000	101850	0.009333
1000	101900	0.00975
1000	101950	0.01025
1000	102000	0.009333
1000	102050	0.005
1000	102100	0
1000	102150	0.007
1000	102200	0.0212
1000	102250	0.009333
1000	102300	0.014
1000	102350	0.007
1000	102400	0.009667
1000	102450	0.007
1000	102500	0.023
1000	102550	0.01
1000	102600	0.00625
1000	102650	0.005
1000	102700	0.007
1000	102750	0.0138
1000	102800	0.019
1000	102850	0.006
1000	102900	0.0118
1000	102950	0.007
1000	103000	0.011333
1000	103050	0.007
1000	103100	0.0064
1000	103150	0.009667
1000	103200	0.0135
1000	103250	0.0192
1000	103300	0.0195
1000	103350	0
1000	103400	0.0046
1000	103450	0.007
1000	103500	0.007333
1000	103550	0.019
1000	103600	0.006
1000	103650	0.010286
1000	103700	0.005333
1000	103750	0.009333
1000	103800	0.007833
1000	103850	0
1000	103900	0
1000	103950	0.006333
1000	104000	0.010143
1000	104050	0.018333
1000	104100	0.005333
1000	104150	0.008
1000	104200	0.011571
1000	104250	0.013667
1000	104300	0.008
1000	104350	0.006
1000	104400	0.0058
1000	104450	0.011
1000	104500	0.00525
1000	104550	0.0045
1000	104600	0.011714
1000	104650	0.012
1000	104700	0.01225
1000	104750	0.00425
1000	104800	0.004667
1000	104850	0.008
1000	104900	0.0045
1000	104950	0.0082
1000	105000	0.0065
1000	105050	0.01375
1000	105100	0.018
1000	105150	0.0065
1000	105200	0.0105
1000	105250	0
1000	105300	0.006167
1000	105350	0.00725
1000	105400	0.004
1000	105450	0.01025
1000	105500	0.003
1000	105550	0.00625
1000	105600	0.011
1000	105650	0.004556
1000	105700	0.006111
1000	105750	0.00675
1000	105800	0.019
1000	105850	0.004
1000	105900	0.006
1000	105950	0.016
1000	106000	0.0104
1000	106050	0.0055
1000	106100	0.006
1000	106150	0
1000	106200	0.004
1000	106250	0.017
1000	106300	0.023
1000	106350	0.005
1000	106400	0.013333
1000	106450	0.008
1000	106500	0.0115
1000	106550	0.0094
1000	106600	0.0132
1000	106650	0.005667
1000	106700	0.005
1000	106750	0.0105
1000	106800	0
1000	106850	0.006
1000	106900	0.0068
1000	106950	0
1000	107000	0.008
1000	107050	0
1000	107100	0.016
1000	107150	0.005
1000	107200	0.005
1000	107250	0.004
1000	107300	0.01275
1000	107350	0
1000	107400	0
1000	107450	0.017
1000	107500	0.007167
1000	107550	0.014667
1000	107600	0.016667
1000	107650	0.0085
1000	107700	0.005333
1000	107750	0.008
1000	107800	0.011833
1000	107850	0.012333
1000	107900	0.0085
1000	107950	0.010333
1000	108000	0
1000	108050	0.009333
1000	108100	0.0095
1000	108150	0.012429
1000	108200	0.012667
1000	108250	0
1000	108300	0.01775
1000	108350	0.002
1000	108400	0.009667
1000	108450	0.005667
1000	108500	0.010833
1000	108550	0.007
1000	108600	0.0115
1000	108650	0
1000	108700	0.004667
1000	108750	0.007833
1000	108800	0.011333
1000	108850	0.007
1000	108900	0.0118
1000	108950	0.009556
1000	109000	0.0165
1000	109050	0.003667
1000	109100	0
1000	109150	0.0062
1000	109200	0.005
1000	109250	0.015
1000	109300	0.0075
1000	109350	0.005
1000	109400	0.012
1000	109450	0.012167
1000	109500	0.004667
1000	109550	0.01075
1000	109600	0.019333
1000	109650	0.0132
1000	109700	0.0095
1000	109750	0.014333
1000	109800	0.007
1000	109850	0.0084
1000	109900	0.019
1000	109950	0
1000	110000	0.036
1000	110050	0.002
1000	110100	0.019333
1000	110150	0.005
1000	110200	0.01
1000	110250	0.0095
1000	110300	0.0065
1000	110350	0.0045
1000	110400	0.008
1000	110450	0.013
1000	110500	0.0112
1000	110550	0.014667
1000	110600	0.018
1000	110650	0.00775
1000	110700	0
1000	110750	0.007
1000	110800	0.008
1000	110850	0.0045
1000	110900	0.006
1000	110950	0.005
1000	111000	0.012
1000	111050	0.0116
1000	111100	0.0155
1000	111150	0.0115
1000	111200	0.006
1000	111250	0.0068
1000	111300	0.00675
1000	111350	0.003
1000	111400	0.008333
1000	111450	0.005
1000	111500	0
1000	111550	0
1000	111600	0.0085
1000	111650	0.007
1000	111700	0.007875
1000	111750	0.003
1000	111800	0.007
1000	111850	0.012
1000	111900	0.0062
1000	111950	0.0108
1000	112000	0.008
1000	112050	0.0064
1000	112100	0.006333
1000	112150	0.011333
1000	112200	0.007875
1000	112250	0.01075
1000	112300	0.0065
1000	112350	0.007
1000	112400	0.009
1000	112450	0.0145
1000	112500	0.009333
1000	112550	0.0048
1000	112600	0.005
1000	112650	0.008
1000	112700	0.008667
1000	112750	0.0055
1000	112800	0.0058
1000	112850	0.0055
1000	112900	0.0115
1000	112950	0.00825
1000	113000	0.008
1000	113050	0.0075
1000	113100	0.006
1000	113150	0.011333
1000	113200	0.0055
1000	113250	0.017
1000	113300	0.007
1000	113350	0.00725
1000	113400	0.00625
1000	113450	0.01025
1000	113500	0.0125
1000	113550	0.007
1000	113600	0.0096
1000	113650	0.01275
1000	113700	0.006333
1000	113750	0.012
1000	113800	0.01225
1000	113850	0.005333
1000	113900	0.017333
1000	113950	0.0075
1000	114000	0.011875
1000	114050	0.0125
1000	114100	0.003
1000	114150	0.005
1000	114200	0.009667
1000	114250	0.009
1000	114300	0.005333
1000	114350	0.01275
1000	114400	0.006
1000	114450	0.0055
1000	114500	0
1000	114550	0.0115
1000	114600	0.0122
1000	114650	0.006
1000	114700	0
1000	114750	0.007
1000	114800	0.005
1000	114850	0.00875
1000	114900	0.013
1000	114950	0.003667
1000	115000	0.007
1000	115050	0.002
1000	115100	0.013
1000	115150	0.014
1000	115200	0.006
1000	115250	0.0084
1000	115300	0.012
1000	115350	0.006
1000	115400	0.012
1000	115450	0.003
1000	115500	0.019
1000	115550	0.0126
1000	115600	0
1000	115650	0.0045
1000	115700	0.004
1000	115750	0.006
1000	115800	0.010667
1000	115850	0.006
1000	115900	0.00575
1000	115950	0.005
1000	116000	0.0045
1000	116050	0.007667
1000	116100	0.005
1000	116150	0.0095
1000	116200	0.00575
1000	116250	0
1000	116300	0.007167
1000	116350	0.01325
1000	116400	0.016
1000	116450	0.006
1000	116500	0.0068
1000	116550	0.009667
1000	116600	0.0125
1000	116650	0.029
1000	116700	0.0066
1000	116750	0.012
1000	116800	0.021
1000	116850	0.02
1000	116900	0.007333
1000	116950	0.021
1000	117000	0.0066
1000	117050	0
1000	117100	0.0105
1000	117150	0.00575
1000	117200	0.0088
1000	117250	0.012
1000	117300	0.016
1000	117350	0.0135
1000	117400	0.0145
1000	117450	0.006
1000	117500	0.01225
1000	117550	0.009
1000	117600	0
1000	117650	0.024
1000	117700	0.006
1000	117750	0.005
1000	117800	0.002
1000	117850	0.01
1000	117900	0.013333
1000	117950	0.010333
1000	118000	0.0054
1000	118050	0.008143
1000	118100	0.006
1000	118150	0.006667
1000	118200	0.006
1000	118250	0.0166
1000	118300	0.006
1000	118350	0.008429
1000	118400	0.0075
1000	118450	0.0085
1000	118500	0.0065
1000	118550	0.013333
1000	118600	0.012
1000	118650	0.006
1000	118700	0.0095
1000	118750	0.008667
1000	118800	0.011
1000	118850	0.0085
1000	118900	0.006
1000	118950	0.0095
1000	119000	0.005333
1000	119050	0.007333
1000	119100	0.0092
1000	119150	0.005
1000	119200	0.006
1000	119250	0.0058
1000	119300	0.01025
1000	119350	0.0045
1000	119400	0.009
1000	119450	0.0045
1000	119500	0.011143
1000	119550	0.0035
1000	119600	0.0065
1000	119650	0.013333
1000	119700	0.016
1000	119750	0.005
1000	119800	0.008
1000	119850	0.009333
1000	119900	0.014
1000	119950	0.0058
1000	120000	0.0115
1000	120050	0
1000	120100	0.008
1000	120150	0.007333
1000	120200	0.010333
1000	120250	0.00875
1000	120300	0.00975
1000	120350	0.0098
1000	120400	0.005
1000	120450	0.011333
1000	120500	0.015333
1000	120550	0.005333
1000	120600	0.005
1000	120650	0.0065
1000	120700	0.0106
1000	120750	0.005
1000	120800	0.00825
1000	120850	0.009
1000	120900	0.008571
1000	120950	0.0088
1000	121000	0.0105
1000	121050	0.010667
1000	121100	0.0072
1000	121150	0.005
1000	121200	0.004
1000	121250	0.005
1000	121300	0.008
1000	121350	0.01075
1000	121400	0.019
1000	121450	0.0105
1000	121500	0.014
1000	121550	0.017333
1000	121600	0.006
1000	121650	0.004
1000	121700	0.004
1000	121750	0.0115
1000	121800	0.004667
1000	121850	0.005
1000	121900	0
1000	121950	0.015
1000	122000	0.009667
1000	122050	0.011
1000	122100	0.005
1000	122150	0.00775
1000	122200	0.005
1000	122250	0.013
1000	122300	0.0105
1000	122350	0.006
1000	122400	0.011333
1000	122450	0.016333
1000	122500	0.00725
1000	122550	0.012
1000	122600	0.003
1000	122650	0.011333
1000	122700	0.0165
1000	122750	0.004
1000	122800	0.005
1000	122850	0.009333
1000	122900	0.00525
1000	122950	0.0088
1000	123000	0.014
1000	123050	0.004
1000	123100	0.005
1000	123150	0.0115
1000	123200	0.008
1000	123250	0.004
1000	123300	0.0122
1000	123350	0
1000	123400	0.006
1000	123450	0.005
1000	123500	0.014
1000	123550	0.0045
1000	123600	0.0082
1000	123650	0.00775
1000	123700	0.006667
1000	123750	0.020667
1000	123800	0.005
1000	123850	0.0065
1000	123900	0.002
1000	123950	0.008
1000	124000	0
1000	124050	0.01025
1000	124100	0.00675
1000	124150	0.006
1000	124200	0.009
1000	124250	0.007778
1000	124300	0.014667
1000	124350	0.008
1000	124400	0.00875
1000	124450	0.008
1000	124500	0.080333
1000	124550	0.043
1000	124600	0.0145
1000	124650	0.0095
1000	124700	0.0025
1000	124750	0.0155
1000	124800	0.01375
1000	124850	0.005
1000	124900	0.004
1000	124950	0.0086
1000	125000	0.0078
1000	125050	0.0095
1000	125100	0.005
1000	125150	0.0105
1000	125200	0.009
1000	125250	0.008333
1000	125300	0.0045
1000	125350	0.014
1000	125400	0.005
1000	125450	0.01225
1000	125500	0.00575
1000	125550	0.005
1000	125600	0.004
1000	125650	0.0115
1000	125700	0.005
1000	125750	0.006
1000	125800	0.002
1000	125850	0.00925
1000	125900	0.0045
1000	125950	0.0045
1000	126000	0.0092
1000	126050	0.014
1000	126100	0.0125
1000	126150	0.010714
1000	126200	0.018
1000	126250	0
1000	126300	0.0055
1000	126350	0.007333
1000	126400	0.009
1000	126450	0.02
1000	126500	0.002
1000	126550	0.0055
1000	126600	0.012667
1000	126650	0.007
1000	126700	0.008333
1000	126750	0.021
1000	126800	0.0062
1000	126850	0.013
1000	126900	0
1000	126950	0.005
1000	127000	0.01225
1000	127050	0.009
1000	127100	0.0136
1000	127150	0.015333
1000	127200	0.008667
1000	127250	0.0045
1000	127300	0.005
1000	127350	0.0135
1000	127400	0.0195
1000	127450	0.0105
1000	127500	0.0168
1000	127550	0
1000	127600	0.004333
1000	127650	0.0045
1000	127700	0.012
1000	127750	0.005
1000	127800	0.00925
1000	127850	0.005
1000	127900	0.00875
1000	127950	0.003667
1000	128000	0.022
1000	128050	0.0045
1000	128100	0.00575
1000	128150	0.009667
1000	128200	0.01
1000	128250	0.013
1000	128300	0.0025
1000	128350	0.01825
1000	128400	0.004
1000	128450	0.0146
1000	128500	0.0052
1000	128550	0.013333
1000	128600	0.0055
1000	128650	0.005
1000	128700	0.0076
1000	128750	0
1000	128800	0.014
1000	128850	0.009667
1000	128900	0.00475
1000	128950	0.005
1000	129000	0.006
1000	129050	0
1000	129100	0.006667
1000	129150	0.004
1000	129200	0.013
1000	129250	0.022
1000	129300	0.008667
1000	129350	0.028
1000	129400	0.0072
1000	129450	0.002
1000	129500	0.007
1000	129550	0.007
1000	129600	0.0135
1000	129650	0.012
1000	129700	0.005
1000	129750	0.004333
1000	129800	0.009
1000	129850	0.010714
1000	129900	0.0202
1000	129950	0.0158
1000	130000	0.028
1000	130050	0.004
1000	130100	0.011
1000	130150	0.005667
1000	130200	0.008
1000	130250	0.006
1000	130300	0.0155
1000	130350	0
1000	130400	0.008167
1000	130450	0.005
1000	130500	0.0035
1000	130550	0.010667
1000	130600	0.005
1000	130650	0.0135
1000	130700	0.003
1000	130750	0.006333
1000	130800	0.01475
1000	130850	0.011
1000	130900	0
1000	130950	0.0106
1000	131000	0.004
1000	131050	0.005667
1000	131100	0.009
1000	131150	0.015
1000	131200	0.005333
1000	131250	0.0114
1000	131300	0.0152
1000	131350	0.0105
1000	131400	0.01575
1000	131450	0.006333
1000	131500	0.013667
1000	131550	0.005
1000	131600	0.00725
1000	131650	0.0074
1000	131700	0.004
1000	131750	0.0105
1000	131800	0.007
1000	131850	0.007333
1000	131900	0.005333
1000	131950	0.00475
1000	132000	0.003
1000	132050	0.0102
1000	132100	0.01
1000	132150	0.0105
1000	132200	0.005
1000	132250	0.018333
1000	132300	0.0065
1000	132350	0.005
1000	132400	0.00925
1000	132450	0.014667
1000	132500	0.016333
1000	132550	0.006333
1000	132600	0.007
1000	132650	0.00625
1000	132700	0.014
1000	132750	0.006667
1000	132800	0.007
1000	132850	0.008
1000	132900	0.0075
1000	132950	0.0065
1000	133000	0.0124
1000	133050	0.00575
1000	133100	0.0074
1000	133150	0.016
1000	133200	0.004667
1000	133250	0.011
1000	133300	0.0135
1000	133350	0.005667
1000	133400	0.005
1000	133450	0.017
1000	133500	0.01175
1000	133550	0.006
1000	133600	0.004
1000	133650	0.009667
1000	133700	0.013
1000	133750	0.0205
1000	133800	0.005
1000	133850	0.0135
1000	133900	0.005
1000	133950	0.020333
1000	134000	0.009
1000	134050	0.012
1000	134100	0.0065
1000	134150	0.006
1000	134200	0
1000	134250	0.011
1000	134300	0
1000	134350	0.01125
1000	134400	0
1000	134450	0.012
1000	134500	0.009333
1000	134550	0.00975
1000	134600	0.006
1000	134650	0.011
1000	134700	0.013
1000	134750	0.0125
1000	134800	0.0095
1000	134850	0
1000	134900	0.004
1000	134950	0.008714
1000	135000	0.012
1000	135050	0.00525
1000	135100	0.007
1000	135150	0.0045
1000	135200	0.004667
1000	135250	0.0055
1000	135300	0.016
1000	135350	0.017
1000	135400	0.008
1000	135450	0.022
1000	135500	0.006
1000	135550	0.0095
1000	135600	0.0085
1000	135650	0.006667
1000	135700	0.0074
1000	135750	0.021
1000	135800	0.012125
1000	135850	0.005
1000	135900	0.008333
1000	135950	0.019667
1000	136000	0
1000	136050	0.002
1000	136100	0.019
1000	136150	0.009667
1000	136200	0.0066
1000	136250	0.007333
1000	136300	0.006667
1000	136350	0.009
1000	136400	0.0046
1000	136450	0.005
1000	136500	0.008333
1000	136550	0.007
1000	136600	0.007
1000	136650	0.0135
1000	136700	0
1000	136750	0
1000	136800	0.0145
1000	136850	0.016
1000	136900	0.0074
1000	136950	0.011
1000	137000	0.005
1000	137050	0
1000	137100	0.009333
1000	137150	0.0076
1000	137200	0.010333
1000	137250	0.0114
1000	137300	0.0092
1000	137350	0.009167
1000	137400	0.0078
1000	137450	0.024
1000	137500	0.008667
1000	137550	0.0076
1000	137600	0.013
1000	137650	0.017667
1000	137700	0
1000	137750	0.011
1000	137800	0.0135
1000	137850	0.005
1000	137900	0.01025
1000	137950	0.008333
1000	138000	0.027
1000	138050	0.013333
1000	138100	0.009
1000	138150	0.004
1000	138200	0.0085
1000	138250	0.008333
1000	138300	0.007
1000	138350	0.005
1000	138400	0.0072
1000	138450	0.0086
1000	138500	0.013
1000	138550	0.008667
1000	138600	0.005
1000	138650	0.002
1000	138700	0.00975
1000	138750	0.0095
1000	138800	0.017333
1000	138850	0.009667
1000	138900	0.010333
1000	138950	0.0118
1000	139000	0.0055
1000	139050	0.014
1000	139100	0.007778
1000	139150	0.0235
1000	139200	0.014833
1000	139250	0.0195
1000	139300	0.011
1000	139350	0.005
1000	139400	0.013
1000	139450	0.00875
1000	139500	0.005
1000	139550	0
1000	139600	0.015
1000	139650	0.005667
1000	139700	0
1000	139750	0.0055
1000	139800	0.018
1000	139850	0.008667
1000	139900	0.013
1000	139950	0.011
1000	140000	0.018333
1000	140050	0.011
1000	140100	0.0042
1000	140150	0.015333
1000	140200	0.0065
1000	140250	0.007667
1000	140300	0.009
1000	140350	0.013
1000	140400	0.011333
1000	140450	0.024
1000	140500	0.01
1000	140550	0.00775
1000	140600	0.010571
1000	140650	0.004
1000	140700	0.014
1000	140750	0.014857
1000	140800	0.01375
1000	140850	0.0184
1000	140900	0.007
1000	140950	0.009333
1000	141000	0.006167
1000	141050	0.005
1000	141100	0.01
1000	141150	0.007667
1000	141200	0.012333
1000	141250	0.007333
1000	141300	0.011
1000	141350	0.0074
1000	141400	0.006
1000	141450	0.018
1000	141500	0.0215
1000	141550	0.005
1000	141600	0.00925
1000	141650	0.013667
1000	141700	0.01475
1000	141750	0.018667
1000	141800	0.0045
1000	141850	0.0088
1000	141900	0.005
1000	141950	0.005
1000	142000	0.0095
1000	142050	0.005
1000	142100	0.0045
1000	142150	0.011333
1000	142200	0.00825
1000	142250	0.006167
1000	142300	0.007
1000	142350	0.0066
1000	142400	0.0095
1000	142450	0.014
1000	142500	0.006
1000	142550	0.0205
1000	142600	0.005333
1000	142650	0.008333
1000	142700	0.0126
1000	142750	0.005667
1000	142800	0.010333
1000	142850	0.0145
1000	142900	0.0105
1000	142950	0.017571
1000	143000	0.0076
1000	143050	0.022
1000	143100	0.006
1000	143150	0.005
1000	143200	0.0045
1000	143250	0.0155
1000	143300	0
1000	143350	0.00675
1000	143400	0.004667
1000	143450	0
1000	143500	0.0105
1000	143550	0.009333
1000	143600	0.013
1000	143650	0.0135
1000	143700	0.010667
1000	143750	0.01
1000	143800	0.0135
1000	143850	0.005
1000	143900	0.015667
1000	143950	0.0105
1000	144000	0.018
1000	144050	0.0145
1000	144100	0
1000	144150	0.0065
1000	144200	0.0095
1000	144250	0.007714
1000	144300	0.0125
1000	144350	0.0055
1000	144400	0.015
1000	144450	0.005
1000	144500	0.01
1000	144550	0.005
1000	144600	0.0105
1000	144650	0.009
1000	144700	0.004
1000	144750	0.005
1000	144800	0
1000	144850	0.0125
1000	144900	0.004
1000	144950	0.0125
1000	145000	0.008
1000	145050	0.005
1000	145100	0.016
1000	145150	0.004
1000	145200	0.006
1000	145250	0.0055
1000	145300	0.013
1000	145350	0.015333
1000	145400	0.0055
1000	145450	0.0075
1000	145500	0.01175
1000	145550	0.0135
1000	145600	0.005333
1000	145650	0.008
1000	145700	0.0045
1000	145750	0.005
1000	145800	0
1000	145850	0.01075
1000	145900	0.0065
1000	145950	0.0108
1000	146000	0.011667
1000	146050	0.019
1000	146100	0.01225
1000	146150	0.027
1000	146200	0.01575
1000	146250	0.013
1000	146300	0.0085
1000	146350	0.0128
1000	146400	0.0085
1000	146450	0.013333
1000	146500	0.0096
1000	146550	0.0155
1000	146600	0.0125
1000	146650	0.0086
1000	146700	0.009333
1000	146750	0
1000	146800	0.009
1000	146850	0.004333
1000	146900	0.003
1000	146950	0.01825
1000	147000	0.014
1000	147050	0.0052
1000	147100	0
1000	147150	0.0085
1000	147200	0.004333
1000	147250	0.0035
1000	147300	0.012
1000	147350	0.006
1000	147400	0.0075
1000	147450	0.0095
1000	147500	0.012
1000	147550	0.006667
1000	147600	0.0136
1000	147650	0.0078
1000	147700	0
1000	147750	0.005
1000	147800	0.008286
1000	147850	0.009
1000	147900	0.0044
1000	147950	0.012
1000	148000	0.008
1000	148050	0.012
1000	148100	0.00925
1000	148150	0.0065
1000	148200	0.0055
1000	148250	0.017
1000	148300	0.010333
1000	148350	0.009
1000	148400	0.026
1000	148450	0.007
1000	148500	0.013
1000	148550	0.0075
1000	148600	0.00875
1000	148650	0.007667
1000	148700	0.011
1000	148750	0.00825
1000	148800	0.013
1000	148850	0
1000	148900	0.013
1000	148950	0.0085
1000	149000	0.005
1000	149050	0.0065
1000	149100	0
1000	149150	0.005
1000	149200	0.018
1000	149250	0.00675
1000	149300	0.008333
1000	149350	0.0055
1000	149400	0.019333
1000	149450	0.0058
1000	149500	0.005
1000	149550	0.005375
1000	149600	0.005667
1000	149650	0.0065
1000	149700	0.03
1000	149750	0.007
1000	149800	0.016
1000	149850	0.008571
1000	149900	0.0096
1000	149950	0.0135
1000	150000	0.0275
1000	150050	0.0064
1000	150100	0.010333
1000	150150	0.014333
1000	150200	0.004667
1000	150250	0.0112
1000	150300	0.006
1000	150350	0.006
1000	150400	0.007
1000	150450	0.013
1000	150500	0.006
1000	150550	0.0072
1000	150600	0.010333
1000	150650	0
1000	150700	0.005
1000	150750	0.0235
1000	150800	0.014
1000	150850	0.0095
1000	150900	0.01125
1000	150950	0.005
1000	151000	0.014
1000	151050	0.012
1000	151100	0.016667
1000	151150	0.01
1000	151200	0.0094
1000	151250	0.0045
1000	151300	0.0185
1000	151350	0.013
1000	151400	0.019
1000	151450	0.01
1000	151500	0.017
1000	151550	0.011
1000	151600	0.0095
1000	151650	0.006
1000	151700	0.006
1000	151750	0.0075
1000	151800	0.005333
1000	151850	0.0135
1000	151900	0.006333
1000	151950	0.012
1000	152000	0.0135
1000	152050	0.008333
1000	152100	0.0135
1000	152150	0.007
1000	152200	0.004
1000	152250	0.0092
1000	152300	0.0076
1000	152350	0.006
1000	152400	0.011
1000	152450	0.0068
1000	152500	0.0055
1000	152550	0.01325
1000	152600	0.005667
1000	152650	0.0125
1000	152700	0.008
1000	152750	0.00975
1000	152800	0
1000	152850	0.01075
1000	152900	0.012
1000	152950	0.008
1000	153000	0.0135
1000	153050	0.005
1000	153100	0.005
1000	153150	0.011333
1000	153200	0.005
1000	153250	0.007
1000	153300	0.009
1000	153350	0.00975
1000	153400	0.011222
1000	153450	0.014
1000	153500	0.009
1000	153550	0.015
1000	153600	0.01075
1000	153650	0.00825
1000	153700	0.01
1000	153750	0.0055
1000	153800	0.0075
1000	153850	0.009
1000	153900	0.0065
1000	153950	0.00625
1000	154000	0.0066
1000	154050	0.012
1000	154100	0.0065
1000	154150	0.01175
1000	154200	0.005667
1000	154250	0.0044
1000	154300	0
1000	154350	0.0155
1000	154400	0.0045
1000	154450	0.006
1000	154500	0.01125
1000	154550	0.00675
1000	154600	0.014
1000	154650	0.0045
1000	154700	0.005
1000	154750	0.006667
1000	154800	0.005
1000	154850	0.009
1000	154900	0.008
1000	154950	0.013
1000	155000	0.010778
1000	155050	0.005
1000	155100	0
1000	155150	0.015333
1000	155200	0.012
1000	155250	0.004333
1000	155300	0.016333
1000	155350	0.005333
1000	155400	0.009
1000	155450	0.01
1000	155500	0.005
1000	155550	0.002
1000	155600	0.00775
1000	155650	0.0055
1000	155700	0.008667
1000	155750	0.0085
1000	155800	0
1000	155850	0.0085
1000	155900	0.011333
1000	155950	0.005
1000	156000	0.012667
1000	156050	0.010667
1000	156100	0.004
1000	156150	0
1000	156200	0.01525
1000	156250	0.0172
1000	156300	0.007
1000	156350	0.009167
1000	156400	0.01025
1000	156450	0.007
1000	156500	0.005
1000	156550	0.013
1000	156600	0.0112
1000	156650	0.009
1000	156700	0.0045
1000	156750	0.012333
1000	156800	0.011
1000	156850	0.01425
1000	156900	0.011
1000	156950	0.014
1000	157000	0.00725
1000	157050	0.0145
1000	157100	0.0055
1000	157150	0.007333
1000	157200	0
1000	157250	0.004667
1000	157300	0.00425
1000	157350	0.0088
1000	157400	0.00825
1000	157450	0.0285
1000	157500	0.005333
1000	157550	0.004333
1000	157600	0.00725
1000	157650	0.012333
1000	157700	0.007667
1000	157750	0.0046
1000	157800	0.0045
1000	157850	0.016
1000	157900	0.0095
1000	157950	0.007
1000	158000	0.00625
1000	158050	0.007
1000	158100	0
1000	158150	0.012
1000	158200	0.011
1000	158250	0.005
1000	158300	0
1000	158350	0.00475
1000	158400	0.0065
1000	158450	0.009667
1000	158500	0.0085
1000	158550	0.004
1000	158600	0.01575
1000	158650	0.013
1000	158700	0.009667
1000	158750	0.005
1000	158800	0.00475
1000	158850	0.005
1000	158900	0.00475
1000	158950	0.0045
1000	159000	0.009667
1000	159050	0.0104
1000	159100	0.006
1000	159150	0.006667
1000	159200	0.011
1000	159250	0.005667
1000	159300	0.025
1000	159350	0.0125
1000	159400	0.011667
1000	159450	0.049667
1000	159500	0.058333
1000	159550	0
1000	159600	0.031667
1000	159650	0
1000	159700	0.008
1000	159750	0.008
1000	159800	0.008
1000	159850	0.006
1000	159900	0.00775
1000	159950	0.008333
1000	160000	0.004667
1000	160050	0.015667
1000	160100	0.005
1000	160150	0.003667
1000	160200	0
1000	160250	0.006
1000	160300	0.004
1000	160350	0.004
1000	160400	0.010125
1000	160450	0.006
1000	160500	0.002
1000	160550	0.008
1000	160600	0.012333
1000	160650	0.004833
1000	160700	0.011
1000	160750	0.0056
1000	160800	0.009
1000	160850	0.013
1000	160900	0.005333
1000	160950	0.004
1000	161000	0.00475
1000	161050	0.010333
1000	161100	0
1000	161150	0.003
1000	161200	0.022
1000	161250	0.029
1000	161300	0.01
1000	161350	0.006
1000	161400	0.0115
1000	161450	0.004
1000	161500	0.0058
1000	161550	0.105
1000	161600	0.0065
1000	161650	0.008333
1000	161700	0.0065
1000	161750	0.011167
1000	161800	0.007
1000	161850	0.002
1000	161900	0.0055
1000	161950	0.005
1000	162000	0.005
1000	162050	0.0205
1000	162100	0.006333
1000	162150	0.006
1000	162200	0.006
1000	162250	0.0085
1000	162300	0.01125
1000	162350	0.0065
1000	162400	0.004
1000	162450	0.01
1000	162500	0.008333
1000	162550	0.0145
1000	162600	0.007
1000	162650	0.009
1000	162700	0.006
1000	162750	0.0045
1000	162800	0.005333
1000	162850	0.0155
1000	162900	0.010625
1000	162950	0.007
1000	163000	0.009
1000	163050	0.0102
1000	163100	0.007667
1000	163150	0.00675
1000	163200	0.0055
1000	163250	0.006333
1000	163300	0.00575
1000	163350	0.005
1000	163400	0.004
1000	163450	0.02175
1000	163500	0.016333
1000	163550	0.015667
1000	163600	0.02575
1000	163650	0
1000	163700	0.004
1000	163750	0.017333
1000	163800	0.03
1000	163850	0.011
1000	163900	0.011
1000	163950	0
1000	164000	0.0074
1000	164050	0.00625
1000	164100	0.016667
1000	164150	0.008
1000	164200	0.01
1000	164250	0.0045
1000	164300	0.0045
1000	164350	0.010571
1000	164400	0.024
1000	164450	0.005667
1000	164500	0.008333
1000	164550	0.00825
1000	164600	0
1000	164650	0.0085
1000	164700	0.007833
1000	164750	0.0045
1000	164800	0.009333
1000	164850	0.0035
1000	164900	0.0045
1000	164950	0.005667
1000	165000	0.005
1000	165050	0.011667
1000	165100	0.008
1000	165150	0.007
1000	165200	0
1000	165250	0.011667
1000	165300	0.007333
1000	165350	0.007
1000	165400	0.013667
1000	165450	0.023
1000	165500	0.01175
1000	165550	0.009667
1000	165600	0.008167
1000	165650	0
1000	165700	0.006
1000	165750	0.006
1000	165800	0.013
1000	165850	0.033
1000	165900	0.002
1000	165950	0.0252
1000	166000	0.004
1000	166050	0.0118
1000	166100	0
1000	166150	0.010667
1000	166200	0.0155
1000	166250	0.0072
1000	166300	0.004333
1000	166350	0.011667
1000	166400	0.01125
1000	166450	0.007
1000	166500	0.0085
1000	166550	0.00875
1000	166600	0.01
1000	166650	0.008
1000	166700	0.0035
1000	166750	0.01
1000	166800	0.005
1000	166850	0.02325
1000	166900	0.0085
1000	166950	0.007
1000	167000	0.012
1000	167050	0.010333
1000	167100	0.004333
1000	167150	0.004
1000	167200	0.017333
1000	167250	0.010333
1000	167300	0.0118
1000	167350	0.011
1000	167400	0.01025
1000	167450	0.0065
1000	167500	0.01
1000	167550	0.006
1000	167600	0
1000	167650	0.011
1000	167700	0.009
1000	167750	0.002
1000	167800	0.011167
1000	167850	0.011
1000	167900	0.0075
1000	167950	0.015
1000	168000	0.007
1000	168050	0.004
1000	168100	0.008
1000	168150	0.008333
1000	168200	0.004
1000	168250	0.008333
1000	168300	0
1000	168350	0.00625
1000	168400	0.0195
1000	168450	0.007
1000	168500	0.025
1000	168550	0.011
1000	168600	0.007667
1000	168650	0.0055
1000	168700	0
1000	168750	0.0068
1000	168800	0.018
1000	168850	0.0116
1000	168900	0.007
1000	168950	0.004667
1000	169000	0.0136
1000	169050	0.008333
1000	169100	0.0168
1000	169150	0
1000	169200	0.014
1000	169250	0.0132
1000	169300	0.0105
1000	169350	0.011333
1000	169400	0.00775
1000	169450	0.01175
1000	169500	0.0092
1000	169550	0.009667
1000	169600	0.008
1000	169650	0.01
1000	169700	0.004
1000	169750	0.003
1000	169800	0.004667
1000	169850	0.0115
1000	169900	0.0082
1000	169950	0.0055
1000	170000	0.00875
1000	170050	0.0084
1000	170100	0.0265
1000	170150	0.0125
1000	170200	0.005333
1000	170250	0.007
1000	170300	0.010333
1000	170350	0.0085
1000	170400	0
1000	170450	0
1000	170500	0.006333
1000	170550	0.019
1000	170600	0.0095
1000	170650	0.0165
1000	170700	0.01325
1000	170750	0.008
1000	170800	0.004
1000	170850	0.005333
1000	170900	0.029
1000	170950	0.008167
1000	171000	0.003333
1000	171050	0.004667
1000	171100	0.005
1000	171150	0.009667
1000	171200	0.009667
1000	171250	0.026
1000	171300	0.00575
1000	171350	0.0095
1000	171400	0.012333
1000	171450	0.006
1000	171500	0.013
1000	171550	0.005
1000	171600	0.009
1000	171650	0.008667
1000	171700	0.018333
1000	171750	0.01325
1000	171800	0.0115
1000	171850	0.015
1000	171900	0.011333
1000	171950	0.0145
1000	172000	0.0126
1000	172050	0.006
1000	172100	0.0085
1000	172150	0.011
1000	172200	0.005167
1000	172250	0.005
1000	172300	0.008333
1000	172350	0.010333
1000	172400	0.009333
1000	172450	0
1000	172500	0.019
1000	172550	0.012
1000	172600	0.013
1000	172650	0.009
1000	172700	0.006
1000	172750	0.0085
1000	172800	0.004333
1000	172850	0.004
1000	172900	0.0055
1000	172950	0.0045
1000	173000	0.004
1000	173050	0.00825
1000	173100	0.0068
1000	173150	0.009
1000	173200	0.008
1000	173250	0.004
1000	173300	0.01825
1000	173350	0.004667
1000	173400	0.01
1000	173450	0.011667
1000	173500	0.01175
1000	173550	0.007
1000	173600	0.008667
1000	173650	0.002
1000	173700	0.010667
1000	173750	0.0095
1000	173800	0
1000	173850	0.0052
1000	173900	0
1000	173950	0.005
1000	174000	0.00875
1000	174050	0.017667
1000	174100	0.015
1000	174150	0.00925
1000	174200	0.017
1000	174250	0.011
1000	174300	0.013667
1000	174350	0.0128
1000	174400	0.008143
1000	174450	0.008
1000	174500	0.0092
1000	174550	0.0064
1000	174600	0
1000	174650	0.016
1000	174700	0.034
1000	174750	0.01225
1000	174800	0
1000	174850	0.002
1000	174900	0.007333
1000	174950	0.013
1000	175000	0.0045
1000	175050	0.0074
1000	175100	0.0045
1000	175150	0.009667
1000	175200	0
1000	175250	0.01375
1000	175300	0
1000	175350	0
1000	175400	0.0134
1000	175450	0.008
1000	175500	0.00675
1000	175550	0.009
1000	175600	0.009
1000	175650	0.007667
1000	175700	0.005
1000	175750	0.010333
1000	175800	0.01
1000	175850	0.022
1000	175900	0.018
1000	175950	0.0145
1000	176000	0.017
1000	176050	0.005
1000	176100	0.016
1000	176150	0.00525
1000	176200	0.00775
1000	176250	0.012
1000	176300	0.0042
1000	176350	0.007
1000	176400	0.008
1000	176450	0.012
1000	176500	0.009
1000	176550	0.005
1000	176600	0.00625
1000	176650	0.0065
1000	176700	0.0134
1000	176750	0.005667
1000	176800	0.024
1000	176850	0.009667
1000	176900	0.005333
1000	176950	0.0095
1000	177000	0
1000	177050	0.0062
1000	177100	0.0108
1000	177150	0.017
1000	177200	0.005
1000	177250	0.006
1000	177300	0.008
1000	177350	0.008167
1000	177400	0.01175
1000	177450	0
1000	177500	0.008667
1000	177550	0.008667
1000	177600	0.01425
1000	177650	0.0055
1000	177700	0.013667
1000	177750	0.013
1000	177800	0.005
1000	177850	0.0155
1000	177900	0.0095
1000	177950	0.008667
1000	178000	0.013
1000	178050	0.008667
1000	178100	0.05
1000	178150	0.005
1000	178200	0.006
1000	178250	0.0055
1000	178300	0.0055
1000	178350	0.004
1000	178400	0.01125
1000	178450	0.002
1000	178500	0.004
1000	178550	0.014
1000	178600	0.003
1000	178650	0.015
1000	178700	0.021
1000	178750	0.005
1000	178800	0.0115
1000	178850	0.0048
1000	178900	0.008
1000	178950	0.006
1000	179000	0.0095
1000	179050	0.003333
1000	179100	0.0055
1000	179150	0.01
1000	179200	0.007
1000	179250	0.0035
1000	179300	0.018333
1000	179350	0.007667
1000	179400	0.0115
1000	179450	0.00875
1000	179500	0.012333
1000	179550	0.008
1000	179600	0.006
1000	179650	0.0055
1000	179700	0.011667
1000	179750	0
1000	179800	0.007
1000	179850	0.00825
1000	179900	0.008
1000	179950	0.004
1000	180000	0.029
1000	180050	0.0075
1000	180100	0.0175
1000	180150	0.00525
1000	180200	0.013125
1000	180250	0.006167
1000	180300	0.0085
1000	180350	0.006667
1000	180400	0.00425
1000	180450	0.005
1000	180500	0
1000	180550	0.00725
1000	180600	0.00625
1000	180650	0.01
1000	180700	0.07
1000	180750	0.033
1000	180800	0.009
1000	180850	0.0235
1000	180900	0.01725
1000	180950	0.01125
1000	181000	0.01
1000	181050	0.006
1000	181100	0.011
1000	181150	0.015
1000	181200	0.004
1000	181250	0.005
1000	181300	0.006333
1000	181350	0.012833
1000	181400	0.009
1000	181450	0.036
1000	181500	0
1000	181550	0
1000	181600	0.012
1000	181650	0.009
1000	181700	0.009667
1000	181750	0.011
1000	181800	0.00825
1000	181850	0.0236
1000	181900	0.008
1000	181950	0.005
1000	182000	0.006143
1000	182050	0.01475
1000	182100	0.010333
1000	182150	0.005
1000	182200	0.009
1000	182250	0.007667
1000	182300	0.006
1000	182350	0.0035
1000	182400	0.005333
1000	182450	0.013
1000	182500	0.007333
1000	182550	0.011167
1000	182600	0.004
1000	182650	0.005
1000	182700	0.0055
1000	182750	0.004
1000	182800	0.0074
1000	182850	0.005
1000	182900	0.01225
1000	182950	0.003
1000	183000	0.008
1000	183050	0.009667
1000	183100	0.0145
1000	183150	0.004
1000	183200	0.011
1000	183250	0.008333
1000	183300	0.0055
1000	183350	0.017
1000	183400	0.005
1000	183450	0.00775
1000	183500	0.011
1000	183550	0.004
1000	183600	0.0065
1000	183650	0.0144
1000	183700	0.006667
1000	183750	0.0095
1000	183800	0.006
1000	183850	0.005
1000	183900	0.0135
1000	183950	0.0055
1000	184000	0.0048
1000	184050	0.007667
1000	184100	0.009333
1000	184150	0.007
1000	184200	0.006667
1000	184250	0.015667
1000	184300	0.005
1000	184350	0.018667
1000	184400	0.007
1000	184450	0.00975
1000	184500	0.004667
1000	184550	0.004
1000	184600	0.0065
1000	184650	0.006
1000	184700	0.004667
1000	184750	0.005
1000	184800	0.0062
1000	184850	0.004
1000	184900	0.01125
1000	184950	0.007333
1000	185000	0.0115
1000	185050	0.013333
1000	185100	0.014333
1000	185150	0.0055
1000	185200	0.00475
1000	185250	0.014
1000	185300	0.01
1000	185350	0.0076
1000	185400	0.014
1000	185450	0.01
1000	185500	0.007333
1000	185550	0.010667
1000	185600	0.009
1000	185650	0.009
1000	185700	0.005
1000	185750	0.005
1000	185800	0.009
1000	185850	0.0095
1000	185900	0.006
1000	185950	0.0152
1000	186000	0.007667
1000	186050	0.01525
1000	186100	0.009
1000	186150	0.013667
1000	186200	0.006
1000	186250	0.0062
1000	186300	0.01325
1000	186350	0.0085
1000	186400	0.013
1000	186450	0.013
1000	186500	0.0135
1000	186550	0.0255
1000	186600	0.005
1000	186650	0.0108
1000	186700	0.013
1000	186750	0.004
1000	186800	0.00825
1000	186850	0.009
1000	186900	0.01175
1000	186950	0
1000	187000	0.00875
1000	187050	0.01
1000	187100	0.012
1000	187150	0.015
1000	187200	0.004
1000	187250	0.005
1000	187300	0.009
1000	187350	0
1000	187400	0.003
1000	187450	0.013333
1000	187500	0.006
1000	187550	0.006333
1000	187600	0.0086
1000	187650	0.002
1000	187700	0.013
1000	187750	0.026
1000	187800	0.018
1000	187850	0.012
1000	187900	0.013
1000	187950	0.003667
1000	188000	0.0035
1000	188050	0.011
1000	188100	0.01125
1000	188150	0.00825
1000	188200	0.010333
1000	188250	0.0165
1000	188300	0.006667
1000	188350	0.005
1000	188400	0.005
1000	188450	0.0135
1000	188500	0.0065
1000	188550	0.003333
1000	188600	0.006667
1000	188650	0.015333
1000	188700	0.00375
1000	188750	0
1000	188800	0.008667
1000	188850	0.0055
1000	188900	0.004
1000	188950	0.0086
1000	189000	0.011667
1000	189050	0.008
1000	189100	0.004
1000	189150	0.005
1000	189200	0.016571
1000	189250	0.005
1000	189300	0.0088
1000	189350	0
1000	189400	0.0055
1000	189450	0.034
1000	189500	0.0555
1000	189550	0.02975
1000	189600	0.007667
1000	189650	0.004667
1000	189700	0.008667
1000	189750	0.022
1000	189800	0.0095
1000	189850	0.01
1000	189900	0.006
1000	189950	0.011667
1000	190000	0.006
1000	190050	0.00625
1000	190100	0.007
1000	190150	0.002
1000	190200	0.006
1000	190250	0.0134
1000	190300	0
1000	190350	0.005857
1000	190400	0.007
1000	190450	0.005
1000	190500	0.008667
1000	190550	0.003
1000	190600	0.010333
1000	190650	0.007667
1000	190700	0.0195
1000	190750	0.005
1000	190800	0.006
1000	190850	0.004333
1000	190900	0.007333
1000	190950	0.0115
1000	191000	0.0065
1000	191050	0.004
1000	191100	0.006333
1000	191150	0
1000	191200	0.011
1000	191250	0.0085
1000	191300	0.0094
1000	191350	0.011
1000	191400	0.006
1000	191450	0.0086
1000	191500	0.003
1000	191550	0.00625
1000	191600	0.014
1000	191650	0.0078
1000	191700	0.006333
1000	191750	0.007667
1000	191800	0.013
1000	191850	0
1000	191900	0.005
1000	191950	0.01025
1000	192000	0.0225
1000	192050	0.008
1000	192100	0.010857
1000	192150	0.007
1000	192200	0.014
1000	192250	0.005333
1000	192300	0.0235
1000	192350	0.013333
1000	192400	0.005667
1000	192450	0.0074
1000	192500	0.015
1000	192550	0.0045
1000	192600	0.00625
1000	192650	0
1000	192700	0.003667
1000	192750	0.005833
1000	192800	0.0035
1000	192850	0.004
1000	192900	0.0095
1000	192950	0.009
1000	193000	0.014667
1000	193050	0.0095
1000	193100	0.01175
1000	193150	0.006
1000	193200	0.011
1000	193250	0.025
1000	193300	0.01
1000	193350	0.016
1000	193400	0.01225
1000	193450	0.011833
1000	193500	0.0075
1000	193550	0.007167
1000	193600	0.00725
1000	193650	0.01075
1000	193700	0.00475
1000	193750	0.005667
1000	193800	0.008
1000	193850	0.005
1000	193900	0.003
1000	193950	0.015
1000	194000	0.006
1000	194050	0.0075
1000	194100	0.018
1000	194150	0.0128
1000	194200	0.0075
1000	194250	0.005
1000	194300	0
1000	194350	0.0045
1000	194400	0.0055
1000	194450	0.004333
1000	194500	0.00875
1000	194550	0.0055
1000	194600	0.003667
1000	194650	0.011667
1000	194700	0.007
1000	194750	0.007
1000	194800	0.024
1000	194850	0
1000	194900	0
1000	194950	0.01325
1000	195000	0.004
1000	195050	0.00475
1000	195100	0.007875
1000	195150	0.005
1000	195200	0.0145
1000	195250	0
1000	195300	0.011667
1000	195350	0.0052
1000	195400	0.007
1000	195450	0.005
1000	195500	0.00575
1000	195550	0
1000	195600	0.0105
1000	195650	0.018
1000	195700	0.019
1000	195750	0.026333
1000	195800	0.012333
1000	195850	0.008
1000	195900	0.029
1000	195950	0.012
1000	196000	0.010833
1000	196050	0.007333
1000	196100	0.007333
1000	196150	0.005667
1000	196200	0.007
1000	196250	0.01325
1000	196300	0.007667
1000	196350	0.0045
1000	196400	0.005
1000	196450	0.005
1000	196500	0.014
1000	196550	0
1000	196600	0.013
1000	196650	0.004
1000	196700	0.005667
1000	196750	0.007667
1000	196800	0.004833
1000	196850	0.021
1000	196900	0.0055
1000	196950	0.006
1000	197000	0.004
1000	197050	0.0035
1000	197100	0.005
1000	197150	0.006
1000	197200	0.0042
1000	197250	0.0135
1000	197300	0.0128
1000	197350	0.014667
1000	197400	0.006
1000	197450	0.017333
1000	197500	0.019
1000	197550	0.008833
1000	197600	0.003
1000	197650	0.011667
1000	197700	0.015667
1000	197750	0.005
1000	197800	0.019
1000	197850	0.0055
1000	197900	0.005
1000	197950	0.008714
1000	198000	0.014667
1000	198050	0.007857
1000	198100	0.007667
1000	198150	0.007
1000	198200	0.004
1000	198250	0.006
1000	198300	0.015
1000	198350	0
1000	198400	0.013143
1000	198450	0.01
1000	198500	0.005667
1000	198550	0.021
1000	198600	0.00925
1000	198650	0.018
1000	198700	0.004667
1000	198750	0.014
1000	198800	0.00525
1000	198850	0.006
1000	198900	0.006
1000	198950	0
1000	199000	0.0042
1000	199050	0.0076
1000	199100	0.00975
1000	199150	0.008667
1000	199200	0.005667
1000	199250	0.006667
1000	199300	0.0085
1000	199350	0.034667
1000	199400	0.0055
1000	199450	0.004667
1000	199500	0.019
1000	199550	0.021
1000	199600	0.0065
1000	199650	0.005833
1000	199700	0.018333
1000	199750	0
1000	199800	0.006
1000	199850	0.010571
1000	199900	0.002
1000	199950	0.01
1000	200000	0
1000	200050	0.004
1000	200100	0
1000	200150	0.041
1000	200200	0.02
1000	200250	0.0105
1000	200300	0.01075
1000	200350	0.018
1000	200400	0.0135
1000	200450	0.0085
1000	200500	0.005667
1000	200550	0
1000	200600	0.009
1000	200650	0.004
1000	200700	0.00725
1000	200750	0.011571
1000	200800	0
1000	200850	0.007333
1000	200900	0.0085
1000	200950	0.006333
1000	201000	0.0085
1000	201050	0
1000	201100	0.008
1000	201150	0.006143
1000	201200	0.005
1000	201250	0.0095
1000	201300	0.011333
1000	201350	0.0128
1000	201400	0.0098
1000	201450	0
1000	201500	0.009
1000	201550	0.010667
1000	201600	0
1000	201650	0.0095
1000	201700	0.0085
1000	201750	0.0055
1000	201800	0.008
1000	201850	0.005333
1000	201900	0.006
1000	201950	0.0082
1000	202000	0.0085
1000	202050	0.006333
1000	202100	0.0055
1000	202150	0.0065
1000	202200	0.009667
1000	202250	0
1000	202300	0
1000	202350	0.005
1000	202400	0.007667
1000	202450	0.0085
1000	202500	0.0095
1000	202550	0.0112
1000	202600	0.01
1000	202650	0.0072
1000	202700	0.0055
1000	202750	0.012
1000	202800	0.0074
1000	202850	0.00675
1000	202900	0.003667
1000	202950	0.007333
1000	203000	0.0055
1000	203050	0.005
1000	203100	0.017
1000	203150	0.005
1000	203200	0.008
1000	203250	0.012667
1000	203300	0.0035
1000	203350	0.005
1000	203400	0.00925
1000	203450	0.013
1000	203500	0.0185
1000	203550	0.011333
1000	203600	0.012
1000	203650	0.013
1000	203700	0.0065
1000	203750	0.0125
1000	203800	0.012
1000	203850	0.005
1000	203900	0.0295
1000	203950	0.008667
1000	204000	0.00925
1000	204050	0.0146
1000	204100	0.0238
1000	204150	0.0135
1000	204200	0.004
1000	204250	0.007
1000	204300	0.007333
1000	204350	0.005
1000	204400	0.005
1000	204450	0.0065
1000	204500	0.0125
1000	204550	0.0112
1000	204600	0.015
1000	204650	0.00975
1000	204700	0.0116
1000	204750	0.00825
1000	204800	0.0065
1000	204850	0.004667
1000	204900	0.005
1000	204950	0.011
1000	205000	0.005333
1000	205050	0.005
1000	205100	0.007
1000	205150	0.005
1000	205200	0.006
1000	205250	0.015333
1000	205300	0.0045
1000	205350	0.0102
1000	205400	0.007
1000	205450	0.0088
1000	205500	0.01
1000	205550	0.012
1000	205600	0.004333
1000	205650	0
1000	205700	0.003
1000	205750	0.003
1000	205800	0.054667
1000	205850	0.0085
1000	205900	0.011333
1000	205950	0.008333
1000	206000	0.006
1000	206050	0.025
1000	206100	0.016333
1000	206150	0.0115
1000	206200	0
1000	206250	0.0085
1000	206300	0.004
1000	206350	0.008
1000	206400	0.0054
1000	206450	0.004667
1000	206500	0.021
1000	206550	0.0128
1000	206600	0.015333
1000	206650	0.0075
1000	206700	0.016
1000	206750	0.01
1000	206800	0.018
1000	206850	0.0085
1000	206900	0.0095
1000	206950	0.0078
1000	207000	0
1000	207050	0.008
1000	207100	0.013
1000	207150	0.009
1000	207200	0.015333
1000	207250	0.0065
1000	207300	0.004
1000	207350	0.005333
1000	207400	0.006333
1000	207450	0.005
1000	207500	0.018
1000	207550	0.0065
1000	207600	0.0108
1000	207650	0.024333
1000	207700	0.0128
1000	207750	0.01
1000	207800	0.011333
1000	207850	0.007
1000	207900	0.006333
1000	207950	0.013
1000	208000	0.0145
1000	208050	0.00525
1000	208100	0.007
1000	208150	0.009667
1000	208200	0.01
1000	208250	0.00725
1000	208300	0.0075
1000	208350	0.007
1000	208400	0.0078
1000	208450	0.003
1000	208500	0.009333
1000	208550	0.013
1000	208600	0.007
1000	208650	0.0145
1000	208700	0
1000	208750	0.005
1000	208800	0.005
1000	208850	0.013333
1000	208900	0.0275
1000	208950	0.0125
1000	209000	0.008
1000	209050	0.005
1000	209100	0.005
1000	209150	0.0135
1000	209200	0.0076
1000	209250	0.004
1000	209300	0.006
1000	209350	0
1000	209400	0.0185
1000	209450	0.004
1000	209500	0.0055
1000	209550	0.013
1000	209600	0
1000	209650	0
1000	209700	0.009
1000	209750	0.0085
1000	209800	0.005667
1000	209850	0.013667
1000	209900	0.009
1000	209950	0.009
1000	210000	0.004
1000	210050	0.013
1000	210100	0.009
1000	210150	0.012
1000	210200	0.013
1000	210250	0
1000	210300	0.006
1000	210350	0.007
1000	210400	0.014
1000	210450	0
1000	210500	0.010667
1000	210550	0.011667
1000	210600	0.011667
1000	210650	0.0145
1000	210700	0.012333
1000	210750	0.005
1000	210800	0.0102
1000	210850	0.0035
1000	210900	0.005
1000	210950	0.01
1000	211000	0.009333
1000	211050	0.00925
1000	211100	0.005333
1000	211150	0.004333
1000	211200	0.005
1000	211250	0.008667
1000	211300	0.013333
1000	211350	0.006
1000	211400	0.0095
1000	211450	0.005429
1000	211500	0.007
1000	211550	0.005
1000	211600	0.008667
1000	211650	0.0105
1000	211700	0.0076
1000	211750	0.006
1000	211800	0.002667
1000	211850	0.006
1000	211900	0.007
1000	211950	0.0152
1000	212000	0.006667
1000	212050	0.005667
1000	212100	0.009
1000	212150	0.0105
1000	212200	0.003667
1000	212250	0.01
1000	212300	0.01275
1000	212350	0.0082
1000	212400	0.0045
1000	212450	0.00575
1000	212500	0.008333
1000	212550	0.037
1000	212600	0.00475
1000	212650	0.01275
1000	212700	0
1000	212750	0.012
1000	212800	0
1000	212850	0.007667
1000	212900	0.003
1000	212950	0.01
1000	213000	0.011
1000	213050	0.0205
1000	213100	0.011333
1000	213150	0.006167
1000	213200	0.0155
1000	213250	0.012667
1000	213300	0.009
1000	213350	0.018
1000	213400	0.007
1000	213450	0.012
1000	213500	0.019
1000	213550	0.0065
1000	213600	0.006
1000	213650	0.008
1000	213700	0.004
1000	213750	0.0175
1000	213800	0.0125
1000	213850	0.007143
1000	213900	0.01
1000	213950	0.004
1000	214000	0.0085
1000	214050	0.005
1000	214100	0.021
1000	214150	0.009333
1000	214200	0.0075
1000	214250	0.0058
1000	214300	0.0055
1000	214350	0.00575
1000	214400	0.0125
1000	214450	0.008
1000	214500	0.005
1000	214550	0.0095
1000	214600	0.0065
1000	214650	0.0065
1000	214700	0.018
1000	214750	0.012333
1000	214800	0.004
1000	214850	0.00875
1000	214900	0.011333
1000	214950	0.01225
1000	215000	0.011333
1000	215050	0.01
1000	215100	0.0125
1000	215150	0.004
1000	215200	0.006
1000	215250	0.0045
1000	215300	0.006
1000	215350	0.006143
1000	215400	0.010667
1000	215450	0.00525
1000	215500	0
1000	215550	0.003
1000	215600	0.02
1000	215650	0.0065
1000	215700	0.012333
1000	215750	0.0112
1000	215800	0.0095
1000	215850	0
1000	215900	0.008
1000	215950	0
1000	216000	0.008
1000	216050	0.0115
1000	216100	0.002
1000	216150	0.011667
1000	216200	0.011667
1000	216250	0.006
1000	216300	0.008667
1000	216350	0.005
1000	216400	0.008
1000	216450	0.0088
1000	216500	0.004
1000	216550	0.005
1000	216600	0.012
1000	216650	0.0084
1000	216700	0.00775
1000	216750	0.014
1000	216800	0.006
1000	216850	0.01175
1000	216900	0.00725
1000	216950	0.004
1000	217000	0.007
1000	217050	0.011
1000	217100	0.01075
1000	217150	0.008
1000	217200	0.005667
1000	217250	0.005333
1000	217300	0.003
1000	217350	0.010667
1000	217400	0.005333
1000	217450	0.0154
1000	217500	0.00475
1000	217550	0.008
1000	217600	0.005667
1000	217650	0.00725
1000	217700	0
1000	217750	0.010333
1000	217800	0.005
1000	217850	0.005
1000	217900	0
1000	217950	0.006444
1000	218000	0.0058
1000	218050	0.012
1000	218100	0.004
1000	218150	0.00975
1000	218200	0.009667
1000	218250	0
1000	218300	0.005333
1000	218350	0.006
1000	218400	0.004
1000	218450	0.007667
1000	218500	0.01
1000	218550	0.009
1000	218600	0.006667
1000	218650	0.0115
1000	218700	0.0065
1000	218750	0.005
1000	218800	0.005667
1000	218850	0.008
1000	218900	0.0074
1000	218950	0.004
1000	219000	0.004
1000	219050	0.006
1000	219100	0.009
1000	219150	0
1000	219200	0.009333
1000	219250	0.0055
1000	219300	0.0135
1000	219350	0.008
1000	219400	0.0105
1000	219450	0.0416
1000	219500	0.084
1000	219550	0.006
1000	219600	0.012
1000	219650	0.01
1000	219700	0.006
1000	219750	0.003
1000	219800	0.0085
1000	219850	0.005667
1000	219900	0
1000	219950	0.006
1000	220000	0.012
1000	220050	0.009
1000	220100	0.0084
1000	220150	0.00725
1000	220200	0.012
1000	220250	0.007167
1000	220300	0.009
1000	220350	0.032
1000	220400	0.005
1000	220450	0.0146
1000	220500	0.01
1000	220550	0.012667
1000	220600	0.0112
1000	220650	0.006333
1000	220700	0.005
1000	220750	0.005
1000	220800	0.0126
1000	220850	0.013
1000	220900	0.018333
1000	220950	0.0085
1000	221000	0.0105
1000	221050	0.0076
1000	221100	0.004
1000	221150	0.004
1000	221200	0.007
1000	221250	0.01
1000	221300	0.005667
1000	221350	0.021
1000	221400	0.0096
1000	221450	0.0065
1000	221500	0.00775
1000	221550	0.01
1000	221600	0.0045
1000	221650	0.012333
1000	221700	0.0095
1000	221750	0.007667
1000	221800	0.004
1000	221850	0.0125
1000	221900	0.005667
1000	221950	0.004
1000	222000	0.008
1000	222050	0.008333
1000	222100	0.002
1000	222150	0
1000	222200	0.004
1000	222250	0.017
1000	222300	0.0065
1000	222350	0.0045
1000	222400	0.00625
1000	222450	0.011
1000	222500	0.004
1000	222550	0.011
1000	222600	0.005
1000	222650	0.013667
1000	222700	0.0085
1000	222750	0.0065
1000	222800	0.009667
1000	222850	0.0175
1000	222900	0.012333
1000	222950	0.0065
1000	223000	0.004667
1000	223050	0.024667
1000	223100	0.008714
1000	223150	0.0095
1000	223200	0.0055
1000	223250	0.007
1000	223300	0.005833
1000	223350	0.016
1000	223400	0.004333
1000	223450	0.0145
1000	223500	0.008
1000	223550	0.009
1000	223600	0.004667
1000	223650	0.0075
1000	223700	0.0045
1000	223750	0.004
1000	223800	0.006667
1000	223850	0.011
1000	223900	0.004
1000	223950	0.004
1000	224000	0.004
1000	224050	0
1000	224100	0
1000	224150	0.0065
1000	224200	0.011
1000	224250	0
1000	224300	0
1000	224350	0
1000	224400	0
1000	224450	0
1000	224500	0
1000	224550	0
1000	224600	0
1000	224650	0
1000	224700	0
1000	224750	0
1000	224800	0
1000	224850	0
1000	224900	0
1000	224950	0
1000	225000	0
1000	225050	0
1000	225100	0
1000	225150	0
1000	225200	0
1000	225250	0
1000	225300	0
1000	225350	0
1000	225400	0
1000	225450	0
1000	225500	0
1000	225550	0
1000	225600	0
1000	225650	0
1000	225700	0
1000	225750	0
1000	225800	0
1000	225850	0
1000	225900	0
1000	225950	0
1000	226000	0
1000	226050	0
1000	226100	0
1000	226150	0
1000	226200	0
1000	226250	0
1000	226300	0
1000	226350	0
1000	226400	0
1000	226450	0
1000	226500	0
1000	226550	0
1000	226600	0
1000	226650	0
1000	226700	0
1000	226750	0
1000	226800	0
1000	226850	0
1000	226900	0
1000	226950	0
1000	227000	0
1000	227050	0
1000	227100	0
1000	227150	0
1000	227200	0
1000	227250	0
1000	227300	0
1000	227350	0
1000	227400	0
1000	227450	0
1000	227500	0
1000	227550	0
1000	227600	0
1000	227650	0
1000	227700	0
1000	227750	0
1000	227800	0
1000	227850	0
1000	227900	0
1000	227950	0
1000	228000	0
1000	228050	0
1000	228100	0
1000	228150	0
1000	228200	0
1000	228250	0
1000	228300	0
1000	228350	0
1000	228400	0
1000	228450	0
1000	228500	0
1000	228550	0
1000	228600	0
1000	228650	0
1000	228700	0
1000	228750	0
1000	228800	0
1000	228850	0
1000	228900	0
1000	228950	0
1000	229000	0
1000	229050	0
1000	229100	0
1000	229150	0
1000	229200	0
1000	229250	0
1000	229300	0
1000	229350	0
1000	229400	0
1000	229450	0
1000	229500	0
1000	229550	0
1000	229600	0
1000	229650	0
1000	229700	0
1000	229750	0
1000	229800	0
1000	229850	0
1000	229900	0
1000	229950	0
1000	230000	0
1000	230050	0
1000	230100	0
1000	230150	0
1000	230200	0
1000	230250	0
1000	230300	0
1000	230350	0
1000	230400	0
1000	230450	0
1000	230500	0
1000	230550	0
1000	230600	0
1000	230650	0
1000	230700	0
1000	230750	0
1000	230800	0
1000	230850	0
1000	230900	0
1000	230950	0
1000	231000	0
1000	231050	0
1000	231100	0
1000	231150	0
1000	231200	0
1000	231250	0
1000	231300	0
1000	231350	0
1000	231400	0
1000	231450	0
1000	231500	0
1000	231550	0
1000	231600	0
1000	231650	0
1000	231700	0
1000	231750	0
1000	231800	0
1000	231850	0
1000	231900	0
1000	231950	0
1000	232000	0
1000	232050	0
1000	232100	0
1000	232150	0
1000	232200	0
1000	232250	0
1000	232300	0
1000	232350	0
1000	232400	0
1000	232450	0
1000	232500	0
1000	232550	0
1000	232600	0
1000	232650	0
1000	232700	0
1000	232750	0
1000	232800	0
1000	232850	0
1000	232900	0
1000	232950	0
1000	233000	0
1000	233050	0
1000	233100	0
1000	233150	0
1000	233200	0
1000	233250	0
1000	233300	0
1000	233350	0
1000	233400	0
1000	233450	0
1000	233500	0
1000	233550	0
1000	233600	0
1000	233650	0
1000	233700	0
1000	233750	0
1000	233800	0
1000	233850	0
1000	233900	0
1000	233950	0
1000	234000	0
1000	234050	0
1000	234100	0
1000	234150	0
1000	234200	0
1000	234250	0
1000	234300	0
1000	234350	0
1000	234400	0
1000	234450	0
1000	234500	0
1000	234550	0
1000	234600	0
1000	234650	0
1000	234700	0
1000	234750	0
1000	234800	0
1000	234850	0
1000	234900	0
1000	234950	0
1000	235000	0
1000	235050	0
1000	235100	0
1000	235150	0
1000	235200	0
1000	235250	0
1000	235300	0
1000	235350	0
1000	235400	0
1000	235450	0
1000	235500	0
1000	235550	0
1000	235600	0
1000	235650	0
1000	235700	0
1000	235750	0
1000	235800	0
1000	235850	0
1000	235900	0
1000	235950	0
1000	236000	0
1000	236050	0
1000	236100	0
1000	236150	0
1000	236200	0
1000	236250	0
1000	236300	0
1000	236350	0
1000	236400	0
1000	236450	0
1000	236500	0
1000	236550	0
1000	236600	0
1000	236650	0
1000	236700	0
1000	236750	0
1000	236800	0
1000	236850	0
1000	236900	0
1000	236950	0
1000	237000	0
1000	237050	0
1000	237100	0
1000	237150	0
1000	237200	0
1000	237250	0
1000	237300	0
1000	237350	0
1000	237400	0
1000	237450	0
1000	237500	0
1000	237550	0
1000	237600	0
1000	237650	0
1000	237700	0
1000	237750	0
1000	237800	0
1000	237850	0
1000	237900	0
1000	237950	0
1000	238000	0
1000	238050	0
1000	238100	0
1000	238150	0
1000	238200	0
1000	238250	0
1000	238300	0
1000	238350	0
1000	238400	0
1000	238450	0
1000	238500	0
1000	238550	0
1000	238600	0
1000	238650	0
1000	238700	0
1000	238750	0
1000	238800	0
1000	238850	0
1000	238900	0
1000	238950	0
1000	239000	0
1000	239050	0
1000	239100	0
1000	239150	0
1000	239200	0
1000	239250	0
1000	239300	0
1000	239350	0
1000	239400	0
1000	239450	0
1000	239500	0
1000	239550	0
1000	239600	0
1000	239650	0
1000	239700	0
1000	239750	0
1000	239800	0
1000	239850	0
1000	239900	0
1000	239950	0